
-- --------------------------------------------------
-- Seed test data to prepopulate the data base for test purposes.
-- --------------------------------------------------

SET QUOTED_IDENTIFIER OFF;
GO

GO

--DELETE ALL TABLES

DELETE FROM [dbo].[Timesheets]
DELETE FROM [dbo].[EmployeeRequests];
DELETE FROM [dbo].[EmployerRequests];
DELETE FROM [dbo].[RecurringShiftChangeRequests]
DELETE FROM [dbo].[ShiftChangeRequests]
DELETE FROM [dbo].[Shifts];
DELETE FROM [dbo].[Rosters];	
DELETE FROM [dbo].[ShiftTemplates];
DELETE FROM [dbo].[ShiftBlocks];
DELETE FROM [dbo].[EmployeeRole];
DELETE FROM [dbo].[Roles];
DELETE FROM [dbo].[ManagerBusinessLocations];
DELETE FROM [dbo].[Employees];
DELETE FROM [dbo].[InternalLocations];
DELETE FROM [dbo].[BusinessLocations];
DELETE FROM [dbo].[ManagerBusinessLocations];
DELETE FROM [dbo].[Businesses];
DELETE FROM [dbo].[BusinessTypes];
DELETE FROM [dbo].[security_UsersInRoles];
DELETE FROM [dbo].[security_Role];
DELETE FROM [dbo].[security_Membership];
DELETE FROM [dbo].[UserPreferences];
DELETE FROM [dbo].[Schedules];
DELETE FROM [dbo].[security_OAuthMembership];
DELETE FROM [dbo].[UserProfiles];
DELETE FROM [dbo].[Qualificationslookups];
DELETE FROM [dbo].[UserQualifications];
DELETE FROM [dbo].[WorkHistories];
DELETE FROM [dbo].[IndustrySkills]
DELETE FROM [dbo].[IndustryTypes];





-- --------------------------------------------------
-- START: Populate Industry Types
-- --------------------------------------------------
SET IDENTITY_INSERT [dbo].[IndustryTypes] ON

INSERT INTO [dbo].[IndustryTypes] ([ID],[Name]) VALUES (1,'Hospitality');
INSERT INTO [dbo].[IndustryTypes] ([ID],[Name]) VALUES (2,'Retail');

SET IDENTITY_INSERT [dbo].[IndustryTypes] OFF

-- --------------------------------------------------
-- END: Populate Industry Types
-- --------------------------------------------------

-- --------------------------------------------------
-- START: Populate Qualification Lookup
-- --------------------------------------------------

DECLARE @QualificationId uniqueidentifier
SELECT @QualificationId = NEWID();
INSERT INTO [dbo].[Qualificationslookups] ([QualificationId],[QualificationName],[IndustryTypesID]) VALUES (@QualificationId,'RSA',1);
SELECT @QualificationId = NEWID();
INSERT INTO [dbo].[Qualificationslookups] ([QualificationId],[QualificationName],[IndustryTypesID]) VALUES (@QualificationId,'RCG',1);
SELECT @QualificationId = NEWID();
INSERT INTO [dbo].[Qualificationslookups] ([QualificationId],[QualificationName],[IndustryTypesID]) VALUES (@QualificationId,'Retail Study',2);
-- --------------------------------------------------
-- END: Populate Qualification Lookup
-- --------------------------------------------------

-- --------------------------------------------------
-- START: Populate Industrial Skills Lookup
-- --------------------------------------------------

DECLARE @SkillId uniqueidentifier
SELECT @SkillId = NEWID();
INSERT INTO [dbo].[IndustrySkills] ([Id],[Name],[IndustryTypesID]) VALUES (@SkillId,'Bar tending',1);
SELECT @SkillId = NEWID();
INSERT INTO [dbo].[IndustrySkills] ([Id],[Name],[IndustryTypesID]) VALUES (@SkillId,'Cocktail',1);
SELECT @SkillId = NEWID();
INSERT INTO [dbo].[IndustrySkills] ([Id],[Name],[IndustryTypesID]) VALUES (@SkillId,'Fine dining-waiting',1);
SELECT @SkillId = NEWID();
INSERT INTO [dbo].[IndustrySkills] ([Id],[Name],[IndustryTypesID]) VALUES (@SkillId,'Fine dining-runner',1);
SELECT @SkillId = NEWID();
INSERT INTO [dbo].[IndustrySkills] ([Id],[Name],[IndustryTypesID]) VALUES (@SkillId,'Fine dining-hostess',1);
SELECT @SkillId = NEWID();
INSERT INTO [dbo].[IndustrySkills] ([Id],[Name],[IndustryTypesID]) VALUES (@SkillId,'Sommelier',1);
SELECT @SkillId = NEWID();
INSERT INTO [dbo].[IndustrySkills] ([Id],[Name],[IndustryTypesID]) VALUES (@SkillId,'Management',1);
SELECT @SkillId = NEWID();
INSERT INTO [dbo].[IndustrySkills] ([Id],[Name],[IndustryTypesID]) VALUES (@SkillId,'Floor staff',1);
SELECT @SkillId = NEWID();
INSERT INTO [dbo].[IndustrySkills] ([Id],[Name],[IndustryTypesID]) VALUES (@SkillId,'Cleaner',1);
SELECT @SkillId = NEWID();
INSERT INTO [dbo].[IndustrySkills] ([Id],[Name],[IndustryTypesID]) VALUES (@SkillId,'Chef-head',1);
SELECT @SkillId = NEWID();
INSERT INTO [dbo].[IndustrySkills] ([Id],[Name],[IndustryTypesID]) VALUES (@SkillId,'Chef-sous',1);
SELECT @SkillId = NEWID();
INSERT INTO [dbo].[IndustrySkills] ([Id],[Name],[IndustryTypesID]) VALUES (@SkillId,'Chef-junior',1);
SELECT @SkillId = NEWID();
INSERT INTO [dbo].[IndustrySkills] ([Id],[Name],[IndustryTypesID]) VALUES (@SkillId,'Chef-Apprentice',1);
SELECT @SkillId = NEWID();
INSERT INTO [dbo].[IndustrySkills] ([Id],[Name],[IndustryTypesID]) VALUES (@SkillId,'Barista',1);

SELECT @SkillId = NEWID();
INSERT INTO [dbo].[IndustrySkills] ([Id],[Name],[IndustryTypesID]) VALUES (@SkillId,'Management',2);
SELECT @SkillId = NEWID();
INSERT INTO [dbo].[IndustrySkills] ([Id],[Name],[IndustryTypesID]) VALUES (@SkillId,'Sales assistant',2);
SELECT @SkillId = NEWID();
INSERT INTO [dbo].[IndustrySkills] ([Id],[Name],[IndustryTypesID]) VALUES (@SkillId,'Womens Fashion',2);
SELECT @SkillId = NEWID();
INSERT INTO [dbo].[IndustrySkills] ([Id],[Name],[IndustryTypesID]) VALUES (@SkillId,'Mens Fashion',2);
SELECT @SkillId = NEWID();
INSERT INTO [dbo].[IndustrySkills] ([Id],[Name],[IndustryTypesID]) VALUES (@SkillId,'Electronics',2);
SELECT @SkillId = NEWID();
INSERT INTO [dbo].[IndustrySkills] ([Id],[Name],[IndustryTypesID]) VALUES (@SkillId,'Health Food',2);
SELECT @SkillId = NEWID();
INSERT INTO [dbo].[IndustrySkills] ([Id],[Name],[IndustryTypesID]) VALUES (@SkillId,'Beauty',2);
SELECT @SkillId = NEWID();
INSERT INTO [dbo].[IndustrySkills] ([Id],[Name],[IndustryTypesID]) VALUES (@SkillId,'Designer clothing-womens',2);
SELECT @SkillId = NEWID();
INSERT INTO [dbo].[IndustrySkills] ([Id],[Name],[IndustryTypesID]) VALUES (@SkillId,'Designer clothing-womens',2);
SELECT @SkillId = NEWID();
INSERT INTO [dbo].[IndustrySkills] ([Id],[Name],[IndustryTypesID]) VALUES (@SkillId,'Children clothing',2);
SELECT @SkillId = NEWID();
INSERT INTO [dbo].[IndustrySkills] ([Id],[Name],[IndustryTypesID]) VALUES (@SkillId,'Toy store',2);
SELECT @SkillId = NEWID();
INSERT INTO [dbo].[IndustrySkills] ([Id],[Name],[IndustryTypesID]) VALUES (@SkillId,'Bags & Luggage',2);
SELECT @SkillId = NEWID();
INSERT INTO [dbo].[IndustrySkills] ([Id],[Name],[IndustryTypesID]) VALUES (@SkillId,'Supermarket',2);
SELECT @SkillId = NEWID();
INSERT INTO [dbo].[IndustrySkills] ([Id],[Name],[IndustryTypesID]) VALUES (@SkillId,'Convenience store',2);
SELECT @SkillId = NEWID();
INSERT INTO [dbo].[IndustrySkills] ([Id],[Name],[IndustryTypesID]) VALUES (@SkillId,'Hardware store',2);

-- --------------------------------------------------
-- END: Populate Industrial Skills Lookup
-- --------------------------------------------------

-- --------------------------------------------------
-- START: Populate Business Types
-- --------------------------------------------------
SET IDENTITY_INSERT [dbo].[BusinessTypes] ON

DECLARE @HospitalityId int
SELECT @HospitalityId = ID from [dbo].[IndustryTypes] where Name = 'Hospitality'

DECLARE @RetailId int
SELECT @RetailId = ID from [dbo].[IndustryTypes] where Name = 'Retail'

INSERT INTO [dbo].[BusinessTypes] ([Id],[IndustryType_ID],[Detail]) VALUES (1,@HospitalityId, 'Café');
INSERT INTO [dbo].[BusinessTypes] ([Id],[IndustryType_ID],[Detail]) VALUES (2,@HospitalityId, 'Bar');
INSERT INTO [dbo].[BusinessTypes] ([Id],[IndustryType_ID],[Detail]) VALUES (3,@HospitalityId, 'Restaurant');
INSERT INTO [dbo].[BusinessTypes] ([Id],[IndustryType_ID],[Detail]) VALUES (4,@HospitalityId, 'Hotel');
INSERT INTO [dbo].[BusinessTypes] ([Id],[IndustryType_ID],[Detail]) VALUES (5,@HospitalityId, 'Fast-food');
INSERT INTO [dbo].[BusinessTypes] ([Id],[IndustryType_ID],[Detail]) VALUES (6,@HospitalityId, 'Supermarket');
INSERT INTO [dbo].[BusinessTypes] ([Id],[IndustryType_ID],[Detail]) VALUES (7,@HospitalityId, 'Fine dining');

INSERT INTO [dbo].[BusinessTypes] ([Id],[IndustryType_ID],[Detail]) VALUES (20,@RetailId, 'Convenience store');
INSERT INTO [dbo].[BusinessTypes] ([Id],[IndustryType_ID],[Detail]) VALUES (21,@RetailId, 'Department Store');
INSERT INTO [dbo].[BusinessTypes] ([Id],[IndustryType_ID],[Detail]) VALUES (22,@RetailId, 'Womens fashion');
INSERT INTO [dbo].[BusinessTypes] ([Id],[IndustryType_ID],[Detail]) VALUES (23,@RetailId, 'Mens fashion');
INSERT INTO [dbo].[BusinessTypes] ([Id],[IndustryType_ID],[Detail]) VALUES (24,@RetailId, 'Womens fashion - Designer');
INSERT INTO [dbo].[BusinessTypes] ([Id],[IndustryType_ID],[Detail]) VALUES (25,@RetailId, 'Mens fashion- Designer');
INSERT INTO [dbo].[BusinessTypes] ([Id],[IndustryType_ID],[Detail]) VALUES (26,@RetailId, 'Shoes');
INSERT INTO [dbo].[BusinessTypes] ([Id],[IndustryType_ID],[Detail]) VALUES (27,@RetailId, 'Childrens fashion');
INSERT INTO [dbo].[BusinessTypes] ([Id],[IndustryType_ID],[Detail]) VALUES (28,@RetailId, 'Toy store');
INSERT INTO [dbo].[BusinessTypes] ([Id],[IndustryType_ID],[Detail]) VALUES (29,@RetailId, 'Electronics');
INSERT INTO [dbo].[BusinessTypes] ([Id],[IndustryType_ID],[Detail]) VALUES (30,@RetailId, 'Flowers and gifts');
INSERT INTO [dbo].[BusinessTypes] ([Id],[IndustryType_ID],[Detail]) VALUES (31,@RetailId, 'Home and outdoors');
INSERT INTO [dbo].[BusinessTypes] ([Id],[IndustryType_ID],[Detail]) VALUES (32,@RetailId, 'Bags and luggage');
INSERT INTO [dbo].[BusinessTypes] ([Id],[IndustryType_ID],[Detail]) VALUES (33,@RetailId, 'Hardware');
INSERT INTO [dbo].[BusinessTypes] ([Id],[IndustryType_ID],[Detail]) VALUES (34,@RetailId, 'Beauty and skincare');
INSERT INTO [dbo].[BusinessTypes] ([Id],[IndustryType_ID],[Detail]) VALUES (35,@RetailId, 'Pharmacy and Health');


SET IDENTITY_INSERT [dbo].[BusinessTypes] OFF

-- --------------------------------------------------
-- END: Populate Business Types
-- --------------------------------------------------
-- --------------------------------------------------
-- START: Populate security data
-- --------------------------------------------------
DECLARE @SysAdminRoleID uniqueidentifier
SELECT @SysAdminRoleID = NEWID()

INSERT INTO [dbo].[security_Role] VALUES (@SysAdminRoleID, 'SysAdmin');

DECLARE  @AdminUserID uniqueidentifier, @JohnDoeUserID uniqueidentifier, @ManagerUserID uniqueidentifier
SELECT @AdminUserID = NEWID()
SELECT @JohnDoeUserID = NEWID()
SELECT @ManagerUserID = NEWID()
INSERT INTO [dbo].[UserProfiles] VALUES (@AdminUserID, 'admin', 'admin','admin@test.com', 'Addr1', 'AddrSub', 'AddrState', '2000', 'Addr2', null, null, null, '55533332',0, 0xFFD8FFE000104A46494600010101006000600000FFDB004300080606070605080707070909080A0C140D0C0B0B0C1912130F141D1A1F1E1D1A1C1C20242E2720222C231C1C2837292C30313434341F27393D38323C2E333432FFDB0043010909090C0B0C180D0D1832211C213232323232323232323232323232323232323232323232323232323232323232323232323232323232323232323232323232FFC000110800A000A003012200021101031101FFC4001F0000010501010101010100000000000000000102030405060708090A0BFFC400B5100002010303020403050504040000017D01020300041105122131410613516107227114328191A1082342B1C11552D1F02433627282090A161718191A25262728292A3435363738393A434445464748494A535455565758595A636465666768696A737475767778797A838485868788898A92939495969798999AA2A3A4A5A6A7A8A9AAB2B3B4B5B6B7B8B9BAC2C3C4C5C6C7C8C9CAD2D3D4D5D6D7D8D9DAE1E2E3E4E5E6E7E8E9EAF1F2F3F4F5F6F7F8F9FAFFC4001F0100030101010101010101010000000000000102030405060708090A0BFFC400B51100020102040403040705040400010277000102031104052131061241510761711322328108144291A1B1C109233352F0156272D10A162434E125F11718191A262728292A35363738393A434445464748494A535455565758595A636465666768696A737475767778797A82838485868788898A92939495969798999AA2A3A4A5A6A7A8A9AAB2B3B4B5B6B7B8B9BAC2C3C4C5C6C7C8C9CAD2D3D4D5D6D7D8D9DAE2E3E4E5E6E7E8E9EAF2F3F4F5F6F7F8F9FAFFDA000C03010002110311003F00F7B9E786D6DE5B8B8963860890BC9248C155140C9249E0003BD61FFC277E0FFF00A1AF43FF00C18C3FFC551E3BFF009279E26FFB055D7FE8A6AF983E197C32FF00858DFDA9FF00137FECFF00B0795FF2EDE6EFDFBFFDB5C6367BF5A00FA7FF00E13BF07FFD0D7A1FFE0C61FF00E2A8FF0084EFC1FF00F435E87FF83187FF008AAF20FF008665FF00A9BBFF0029BFFDB68FF8665FFA9BBFF29BFF00DB6803D7FF00E13BF07FFD0D7A1FFE0C61FF00E2AB62C6FECF53B38EF2C2EE0BBB5933B268241223609070C3838208FC2BE58F88FF0007FF00E15FF87ADF56FEDDFB7F9D76B6DE57D93CAC651DB7677B7F7318C77AF5FF00861A9FF627ECFF006BAB793E77D86D2F6E7CADDB77EC9656DB9C1C6718CE0D007A8565C3E25D06E7543A5C1ADE9B2EA01D90DA25D234A1973B86C0739183918E306B93F865F137FE1637F6A7FC4A3FB3FEC1E57FCBCF9BBF7EFF00F61718D9EFD6BC83C1BFF274373FF615D4BFF419A803E8BD4BC4BA0E8D70B6FAA6B7A6D8CEC9BD63BABA4898AE48C80C41C641E7D8D1A6F89741D66E1ADF4BD6F4DBE9D537B476B7492B05C819214938C91CFB8AE0FE23FC1FFF008581E21B7D5BFB77EC1E4DA2DB795F64F3738776DD9DEBFDFC631DABC03E1C78EBFE15FF00886E356FECEFB7F9D68D6DE579FE5632E8DBB3B5BFB98C63BD007D773789741B6D506973EB7A6C5A81754168F748B2966C6D1B09CE4E460639C8AD4AF8C359F1D7F6BFC508FC69FD9DE56CBBB6B9FB1F9FBB3E4841B77ED1D7675DBC67BD7D1FF0CBE26FFC2C6FED4FF8947F67FD83CAFF00979F377EFDFF00EC2E31B3DFAD007493F8D3C2B6B712DBDC78974686789CA491C97F12B230382082D9041ED51FFC277E0FFF00A1AF43FF00C18C3FFC557986BBFB3C7F6DF88753D5BFE129F27EDD772DCF95FD9FBB66F72DB73E60CE338CE0567FFC332FFD4DDFF94DFF00EDB401EE7A96ADA6E8D6EB71AA6A16963033EC592EA65894B609C02C40CE01E3D8D65FFC277E0FFF00A1AF43FF00C18C3FFC5579FF00ED1DFF0024F34FFF00B0AC7FFA2A5AE03C13F033FE131F0858EBFF00F091FD8FED5E67EE3EC3E66DDB2327DEF30673B73D3BD007BFFF00C277E0FF00FA1AF43FFC18C3FF00C551FF0009DF83FF00E86BD0FF00F0630FFF00155E41FF000CCBFF005377FE537FFB6D1FF0CCBFF5377FE537FF00B6D007AFFF00C277E0FF00FA1AF43FFC18C3FF00C557415F187C47F02FFC2BFF0010DBE93FDA3F6FF3AD16E7CDF23CAC65DD76E3737F7339CF7AFB3E8039FF001DFF00C93CF137FD82AEBFF45357907ECCBFF334FF00DBA7FED6AF5FF1DFFC93CF137FD82AEBFF0045357907ECCBFF00334FFDBA7FED6A00F3BF19F8D3C556BE3AF10DBDBF897598608B53B948E38EFE5554512B00000D8000ED587FF09DF8C3FE86BD73FF0006337FF15478EFFE4A1F89BFEC2B75FF00A35AB9FA00FA7FF68EFF009279A7FF00D8563FFD152D6A7C289AC6DBE04584FAA08CE9F1DBDDBDD0923DEA6212CA5F2B83B86DCF1839ACBFDA3BFE49E69FFF006158FF00F454B5A9F0A34D8759F81161A5DC348B05EDBDDDBC8D190182BCB2A923208CE0FA1A008F4CF89FF09344F37FB26EEC6C3CEC799F64D2A58B7E338CED8867193D7D4D5CF0F78B7E17EB5E2C857425D35F5EB9791E39934B68E566DACCE7CC318E4AEEC9279E7D6BC53E307C38D1FE1FFF00637F64DCDF4DF6EF3FCCFB5BA36367978C6D55FEF9EB9ED5EA7F0C7E13683A543E1DF184177A936A0F64970637910C5BA5870C30101C0DE71CFA75A00E43E3E78975ED1BC75636FA5EB7A958C0DA646ED1DADD3C4A5BCD94648520670073EC2B3FC15E0E1F0F7599B56F899A3DA41A2CD6ED6D035D24778A6E0B2B28089BC83B524F9B18EA33CF3EBFE35F84DA0F8EF598754D52EF528678ADD6DD56D644552A199B277231CE5CF7F4AD8F1AF82B4DF1DE8D0E97AA4F770C115C2DC2B5ABAAB160ACB83B958630E7B7A5007CA9E351A5F88FE265C45E0F8206B1BD96086CA2821FB3A339445C0560BB72F9EA07AFBD7A87C32FF8B39FDA9FF09EFF00C4A3FB57CAFB17FCBC79BE56FDFF00EA77EDC7989D719CF19C1AD7BFF829E1BF0769D73E28D3AF75596FB4689B50B78EE258DA3692106450E16304A92A3201071DC578C78EBE23EB1F103EC1FDAD6D630FD87CCF2FEC91BAE77EDCE77337F7074C77A00F77F14FC45D27C67E1CBBD03C0BADCF37896EF67D8D20596D9CED7577C48E142FC8AFD5867A77C579C7FC21BF1CFF00E7EB5CFF00C1F2FF00F1EAF37F0B7892F3C23E23B4D72C23824BAB5DFB1275250EE464390083D18F7AF48FF868EF187FD03743FF00BF137FF1DA00EFFF0068EFF9279A7FFD8563FF00D152D49E069E6B5FD99A4B8B79648678B4CD41E392362AC8C1E6208239041EF51FED1DFF0024F34FFF00B0AC7FFA2A5A3C1BFF0026BD73FF0060AD4BFF00429A803C03FE13BF187FD0D7AE7FE0C66FFE2ABB8F841E2CF126A7F14B46B3BFF106AB776B279FBE19EF64911B104846549C1C100FE15E4F5E81F04BFE4AF685FF006F1FFA224A00E83F68EFF9287A7FFD82A3FF00D1B2D7D3F5F307ED1DFF00250F4FFF00B0547FFA365AFA7E8039FF001DFF00C93CF137FD82AEBFF45357CE1F07FE23E8FF000FFF00B67FB5ADAFA6FB7791E5FD92346C6CF3339DCCBFDF1D33DEBEA3D5A1B1B9D1AFA0D50C634F92DE44BA3249B14445487CB646D1B73CE462BCAFFE10DF819FF3F5A1FF00E0F9BFF8F5001FF0D1DE0FFF00A06EB9FF007E21FF00E3B47FC347783FFE81BAE7FDF887FF008ED1FF00086FC0CFF9FAD0FF00F07CDFFC7A8FF8437E067FCFD687FF0083E6FF00E3D401C27C59F8B3A0F8EFC2B6BA5E9769A9433C57A970CD751A2A9508EB81B5D8E72E3B7AD777E0DFF935EB9FFB056A5FFA14D5A9A97C28F855A35BADC6A9A75A58C0CFB164BAD4E6894B609C02D2019C03C7B1AD4B3D4BE1B69FE176F0D5AEBFA1C7A43452426DFF00B590E5242C5C6E2FBB9DCDDF8CF1401F347817E1C6B1F103EDFF00D9373630FD87CBF33ED6EEB9DFBB18DAADFDC3D71DABD62F3C4767E2AF0BAFC1FB18E78FC430C51E9ED733A816864B52AD210C097DA442DB4ECC9C8C81CE31FC75AEE8FF000DFEC1FF000AB355B1B7FB7F99FDA3F64B84BDDDB36F959F30BECFBF274C679EB8E3CEE193C6FA36A87C72963A95B4F23B5D7F69BD81F2899B20BE593661BCCE38C7CC31DA802BF8D7C15A9781359874BD527B49A796DD6E15AD5D99429665C1DCAA73943DBD2BEB7F1AF8D74DF0268D0EA9AA41773412DC2DBAADAA2B3062ACD93B99463087BFA579A7C38D134EF8B7E1EB8D7FC716FF00DABA9DBDDB59453EF6836C2A88E176C4554FCD239C919E7AF02B6FE3E693A96B3E05B1B7D2F4FBBBE9D7538DDA3B585A560BE54A324282719239F71401C65E7872F3C55E285F8C1632411F87A1963D41ADA7622ECC76A1564014029B8985B68DF83919239C7ABF817E23E8FF00103EDFFD936D7D0FD87CBF33ED71A2E77EEC636B37F70F5C76AF9921F1778F346D2CF81924BBB682446B5FECC7B14F3489B24A61937E5BCCE39CFCC31DABD33E067FC515FDBDFF00095FFC487ED7F67FB37F6AFF00A2F9DB3CCDDB3CCC6EC6E5CE3A6E1EB401E87A67C59D0755F1E3F83E0B4D497504B89EDCC8F1A08B74418B1C87270761C71E9D2BC73F68EFF9287A7FFD82A3FF00D1B2D76FE2AB4F075941A8788FC03736373E38794CD6DF60BDFB5CCEF23FEF8AC1B9837C8D213F29C0C9E319143C3967A178AB4E92FBE303C107886394C36EBA9CE74F90DA800A911A98F2BBDA5F9B1C9C8CF18001AFFB477FC93CD3FF00EC2B1FFE8A96B98F877F1AFC37E11F0269BA1DFD96AB25D5AF9BBDE08A328774AEE304C80F461DABD6F528FC11F11ADD747B8BED3759485FED42DED6FC1652015DE7CB707037E3D391ED5CBCDF0DFE0F5B6A834B9E1D362D40BAA0B47D5E4594B36368D865CE4E460639C8A00A7FF0D1DE0FFF00A06EB9FF007E21FF00E3B47FC347783FFE81BAE7FDF887FF008ED686A7F0C3E12689E57F6B5A58D879D9F2FED7AACB16FC6338DD28CE323A7A8A926F851F0AADB4B1AA4FA75A45A79457176FA9CCB1156C6D3BCC98C1C8C1CF391401E11F167C6BA6F8EFC556BAA69705DC30456496ECB748AAC583BB646D6618C38EFEB5F61D799E9BF0A3E156B36ED71A5E9D697D02BEC692D7539A550D80704AC84670471EE2BD328039FF001DFF00C93CF137FD82AEBFF45357CC1F0CBE197FC2C6FED4FF0089BFF67FD83CAFF976F377EFDFFEDAE31B3DFAD7D4FE2CB1B8D4FC1BAE5859C7E65D5D69F3C30A6E0373B46C1464F03248EB5F34699F0C3E2DE89E6FF64DA5F5879D8F33EC9AAC516FC6719DB28CE327AFA9A00E7F46F02FF6BFC5093C17FDA3E56CBBB9B6FB6791BB3E4873BB66E1D7674DDC67BD1F11FC0BFF000AFF00C436FA4FF68FDBFCEB45B9F37C8F2B19775DB8DCDFDCCE73DEBEA7F0A7852C34ED2749BDBDD16C63F10A5A466EEF0C11B4E6731812B34A012CC496CB64E727939AF30F8D7F0EFC55E2EF1959DFE87A5FDAED63D3D2167FB4451E1C4921230EC0F461F9D0057FF849BFE1A07FE294FB1FF60FD93FE265F6AF37ED5BF67EEF66CC2633E6E739FE1C639E3CBF59F02FF647C508FC17FDA3E6EFBBB6B6FB6791B71E7043BB66E3D37F4DDCE3B56E69BF0A3E2AE8D70D71A5E9D77633B26C692D75386262B90704AC80E32071EC2B2F4DB3D774FF008CDA25AF895A77D5D355B2FB419E71339CB46572E09CFCA57BF1D2803D23FE1997FEA6EFFCA6FF00F6DA3FE126FF0084B7FE2CBFD8FEC9E4FF00C4B7FB5FCDF333F64F9B7F9381F7FC9E9BF8DDD4E39F7FAF08F0D7C3BF1569FF001E67F12DD697E5E90DA85ECC2E3ED111CA48B2843B436EE772F6E33CD0057FF849BFE19FBFE294FB1FF6F7DAFF00E265F6AF37ECBB37FEEF66CC3E71E56739FE2C638E4FF869AFFA947FF2A5FF00DAABD0FC6BAFFC37D2B59860F1843A6BEA0D6EAF19BAD34DC3795B980C3046C0DC1B8CFAFAD7CA9E1CF0B6B3E2ED464B0D0ECFED7751C46664F3523C20201397207561F9D007B47FC233FF00096FFC5E8FB67D93C9FF008997F64795E667EC9F2ECF3B23EFF93D7671BBA1C727FC9C67FD4BDFD85FF6F7E7F9FF00F7EF6EDF27DF3BBB639C7F0A7C3DF8A7A76ADA4D95EC17D1F8792EE3177667548DA0301901955A21210CA416CAE0E727839AFA1F4CD0B47D13CDFEC9D2AC6C3CEC799F64B748B7E338CED0338C9EBEA6803C43FE1597FC29CFF8AF7FB5FF00B5FF00B2BFE5C7ECDF67F37CDFDCFF00ACDEFB71E66EFBA738C719CD1FF08CFF00C340FF00C557F6CFEC1FB27FC4B7ECBE57DAB7ECFDE6FDF94C67CDC631FC39CF3C65E83AB6A5ADFED0377E1FD5B50BBD43457D4EF91B4EBB99A5B7654129406362570A554818E0A8C74AE93E23F82BC6D1F886DC7C3BB59F4ED23EC8A668B4CBC8ECA369F7BEE6281D72DB760DD8E800CF14019FFF0008CFFC33F7FC557F6CFEDEFB5FFC4B7ECBE57D9766FF00DE6FDF97CE3CAC631FC59CF1C9FF0008CFFC25BFF17A3ED9F64F27FE265FD91E57999FB27CBB3CEC8FBFE4F5D9C6EE871CF1FF000E3C716527886E07C44D5E7D4748FB231862D4C497B1ACFBD36B0421B0DB778DD8E848CF35D45E59EBB7FE285F117875E75F860B2C734B1413886D3ECB1851740DA920952566DCBB3E6E7839E402C7FC9C67FD4BDFD85FF6F7E7F9FF00F7EF6EDF27DF3BBB639F4FD67C0BFDAFF0BE3F05FF0068F95B2D2DADBED9E46ECF9250EED9B875D9D37719EF5E21F137C6DE1D8FFB2FFE15AEA1FD999F37EDFF00D950C963E67DCF2F7E1537E3F798EB8C9E99AC7BCB6F8B5A7F85D7C4B75AB6B91E90D14730B8FED927292150876893773B97B719E6803B8FF849BFE19FBFE294FB1FF6F7DAFF00E265F6AF37ECBB37FEEF66CC3E71E56739FE2C638E7DFEBE70F871E35F04C9E1EB83F112EA0D4757FB5B0865D4ECE4BD9160D89B543946C2EEDE76E7A9271CD7D1F40051597E25D366D67C2BABE976ED1ACF7B6535BC6D2121433A1504E0138C9F435F3A7FC338F8C3FE825A1FFDFF009BFF008D5006A7897E3E78AB46F156AFA5DBE9FA3341657B35BC6D2432962A8E54138900CE07A0ACBFF868EF187FD03743FF00BF137FF1DAE4FC23A943F0E7E2A4771AC2C93A69371736F38B4018B30478B2BB8AE46E3DF1C7E5563E2CF8D74DF1DF8AAD754D2E0BB8608AC92DD96E91558B0776C8DACC31871DFD6803A4FF00868EF187FD03743FFBF137FF001DAEEFC1DE0AD37E211D2BE266AD3DDC3AD4F70B70D05A3AADB86824F2D0056566C1112E7E6EA4E31DBC83E1378D74DF0278AAEB54D520BB9A096C9EDD56D5159831746C9DCCA31843DFD2BB4D6FE1C6B1F16F589FC71A0DCD8DB699A9EDF262BF774997CB51136E08ACA3E68C91863C11D3A50077FF00183E23EB1F0FFF00B1BFB26DAC66FB779FE67DAE376C6CF2F18DACBFDF3D73DAB98F877F1AFC49E2EF1DE9BA1DFD96951DADD79BBDE08A40E36C4EE304C847551DAB97FF008671F187FD04B43FFBFF0037FF001AAF73935287E1CFC32B2B8D61649D349B2B6B79C5A00C5986C8B2BB8AE46E3DF1C7E5401E19FB477FC943D3FF00EC151FFE8D96BA8F11F872CFE0469D1F8A3C2F24F797D7528D3DE3D4D849188D8190902308776625E738C13C7A6BFF00C347783FFE81BAE7FDF887FF008ED7B05007CE9E1AF8F9E2AD67C55A469771A7E8CB05EDEC36F23470CA182BB852466423383E86BBBF8C1F11F58F87FF00D8DFD936D6337DBBCFF33ED71BB6367978C6D65FEF9EB9ED478E3E23E8F26A7AA7C3B16D7DFDAFA845FD9F14C634F2164B88C042CDBB76D1E62E4852783806B90F0CFF00C63F7DABFE12BFF4DFEDBD9F66FECAFDE6CF273BB7F99B319F35718CF43D3B8058BCF0E59F857C2EBF182C649E4F10CD147A835B4EC0DA092E8AAC802801F681336D1BF230324F39E5FF00E1A3BC61FF0040DD0FFEFC4DFF00C76AC5FF00C14F1278C751B9F1469D7BA54563ACCADA85BC7712C8B22C731322870B19018061900919EE6BA0F0E788ECFE0469D2785FC511CF797D7529D4124D31449188D808C026428776626E318C11CFA00799FC26F0569BE3BF155D697AA4F770C11593DC2B5ABAAB160E8B83B958630E7B7A577979E23BCF0AF8A17E0FD8C7049E1E9A58F4F6B99D49BB11DD05690860426E0666DA766060641E73C1F8D7E136BDE04D1A1D5354BBD366825B85B755B591D9831566C9DC8A31843DFD2BA8D03E2CE83A57C1A9BC1F3DA6A4DA83D95DDB891234316E94C854E4B8381BC678F5EB401DDFFC338F83FF00E825AE7FDFF87FF8D573167E23BCF1578A1BE0FDF47047E1E865934F5B98148BB31DA8668C9624A6E2615DC7660E4E00E31E6FE05F871AC7C40FB7FF0064DCD8C3F61F2FCCFB5BBAE77EEC636AB7F70F5C76AFA8E4D4A1F873F0CACAE35859274D26CADADE7168031661B22CAEE2B91B8F7C71F9500717FF000CE3E0FF00FA096B9FF7FE1FFE355EC15F3C788FC3979F1DF518FC51E17920B3B1B58869EF1EA6C6390C8A4C84811871B712AF39CE41E3D7E87A00CBF12CD7D6DE15D5E7D2C487508ECA67B511C7BD8CA1094C2E0EE3BB1C60E6BE74FF0084CBE39FFCFAEB9FF8215FFE335F47EBBA9FF62787B53D5BC9F3BEC3692DCF95BB6EFD885B6E70719C633835E21FF0D35FF528FF00E54BFF00B5500789DC5BEB5ADF896EA296CEEEE75AB8B895E7812DCF9AD2E4B49FBB519041DC48038C1F4AF5CF871E0AF04C7E1EB81F112D60D3B57FB5B1862D4EF24B291A0D89B582175CAEEDE3763A8233C579FE8DE3AFEC8F8A1278D3FB3BCDDF777373F63F3F6E3CE0E36EFDA7A6FEBB79C76AF50FF8467FE1A07FE2ABFB67F60FD93FE25BF65F2BED5BF67EF37EFCA633E6E318FE1CE79E003CEFE13699E14D57C5575078C24B44D3D6C9DE3375766DD7CDDE8061832E4ED2DC67D7D2BEABF0B59E85A7F872D2D7C34D03E909BFECE609CCC872EC5B0E49CFCC5BBF1D2BE48F871E05FF008581E21B8D27FB47EC1E4DA35CF9BE479B9C3A2EDC6E5FEFE739ED5F57F827C33FF0877842C740FB67DB3ECBE67EFF00CAF2F76E919FEEE4E31BB1D7B500686A7AEE8FA2795FDADAAD8D879D9F2FED770916FC6338DC467191D3D457CD1F11BC4FF10B515D7ADAE45F4BE1192ED8C338D3D440F009730B2CC1395384C36EF9B23939AEA3F69AFF00995BFEDEFF00F68D77F1F867FE131F81BA4681F6CFB1FDAB4AB1FDFF0095E66DDAB1BFDDC8CE76E3AF7A00F38F829F0EFC2BE2EF06DE5FEB9A5FDAEEA3D41E157FB44B1E1047190308C07563F9D7A5FC59D4FC57A57856D67F07C776FA835EA2482D6D05C3795B1C9CA956C0DC179C7A7AD79E7FC24DFF000CFDFF0014A7D8FF00B7BED7FF00132FB579BF65D9BFF77B3661F38F2B39CFF1631C727FC34D7FD4A3FF00952FFED5401E47A9EA7E2B9FC789A8EA31DD8F140B881D51ED024BE6A85F2BF75B40CE02606DE78EB9AF5CF0CFFC55BF6AFF0085D1FB8FB2ECFECAFED5FF00896E7767CED9B7CBF33EEC59EB8E3A6793FE119FF84B7FE2F47DB3EC9E4FFC4CBFB23CAF333F64F97679D91F7FC9EBB38DDD0E393FE4E33FEA5EFEC2FF00B7BF3FCFFF00BF7B76F93EF9DDDB1C8058F0BF8A3C5DA5FC408ACEF269ED7E1EDB4B3436D753DA225A0B55575B722E4AF2A7110562E77647273CF3FF001AEC2F3C63E32B3D47C2F693EB9631E9E903DCE9919B98D641248C50B47901806538EB861EB55FC6DF137CBF085F7C35FEC8CFF67797A6FF00687DA7FD67D9A451BFCBD9C6EF2FA6E38CF538AEFF00F671FF009279A87FD8564FFD151500769A947E08F88D6EBA3DC5F69BACA42FF6A16F6B7E0B2900AEF3E5B8381BF1E9C8F6AE5FC4BF063C156DE15D5E7D2FC3B21D423B299ED4477370EC65084A61779DC77638C1CD729FF08CFF00C33F7FC557F6CFEDEFB5FF00C4B7ECBE57D9766FFDE6FDF97CE3CAC631FC59CF1C9FF0D35FF528FF00E54BFF00B55001F033FE28AFEDEFF84AFF00E243F6BFB3FD9BFB57FD17CED9E66ED9E66376372E71D370F5AE9FE2FF008B3C37A9FC2DD66CEC3C41A55DDD49E46C860BD8E476C4F1938507270013F85731FF002719FF0052F7F617FDBDF9FE7FFDFBDBB7C9F7CEEED8E7CBF46F02FF006BFC5093C17FDA3E56CBBB9B6FB6791BB3E4873BB66E1D7674DDC67BD007AE7C03F12E83A37816FADF54D6F4DB19DB5391D63BABA4898AF9510C80C41C641E7D8D7B9D7C61F11FC0BFF0AFFC436FA4FF0068FDBFCEB45B9F37C8F2B19775DB8DCDFDCCE73DEBECFA00E7FC77FF0024F3C4DFF60ABAFF00D14D5E21FB3C685A3EB7FF000927F6B695637FE4FD9BCBFB5DBA4BB33E6E71B81C6703A7A0AF6FF1DFFC93CF137FD82AEBFF0045357907ECCBFF00334FFDBA7FED6A00E9FE2FF84FC37A67C2DD66F2C3C3FA55A5D47E46C9A0B28E375CCF1838603232091F8D57FD9C7FE49E6A1FF61593FF00454558975E35D4BE217C41D43E19EAD05A43A2CF7B716ED3DA232DC0580B488433332E498973F2F42718EDEAFE0AF0569BE04D1A6D2F4B9EEE6825B86B866BA75660C5557036AA8C61076F5A00E4FE23F822F63F0F5B9F877A441A76AFF6B5134BA618ECA468363EE52E0AE5776C3B73D4038E2B5340D33C5707C1A9B4ED464BB3E28365768AEF761E5F358C9E57EF77119C14C1DDC71D315E39FF000D1DE30FFA06E87FF7E26FFE3B5EEFF0EFC4979E2EF0269BAE5FC70477575E6EF4814841B6574180493D1477A00E1FE197827C4527F6A7FC2CAD3FFB4F1E57D83FB5668EFBCBFBFE66CCB3ECCFEEF3D3381D715DA697E3DF07CDE205F0969B7F1AEA16EEF6A9651DAC88A862077203B4200A10F438E38AEB2BE60F06FF00C9D0DCFF00D85752FF00D066A00F63F1AEBFF0DF4AD66183C610E9AFA835BABC66EB4D370DE56E6030C11B03706E33EBEB5F2A7873C2DACF8BB5192C343B3FB5DD47119993CD48F080804E5C81D587E75E91FB477FC943D3FF00EC151FFE8D96BA8F11F872CFE0469D1F8A3C2F24F797D7528D3DE3D4D849188D8190902308776625E738C13C7A00797E9FA87883C17E2DB0F0E788B51BEB3D32D2EE117FA71BA6920F21D95DD5A342559591892A01CE4822BE97F02EB3E06D5FEDFF00F085C5631F95E5FDAFEC9606DB39DDB33945DDD1FD71CFAD7C91E29F125E78BBC4777AE5FC70477575B37A40A420DA8A8300927A28EF5B1E05F88FAC7C3FFB7FF64DB58CDF6EF2FCCFB5C6ED8D9BB18DACBFDF3D73DA803D01FC0F7BE1FF008ABA8F8BFC5FA4403C22350BA9A69E731DC21494BAC44C40B31CBBA7F0F19C9C638F43D37E2BFC2AD1ADDADF4BD46D2C6067DED1DAE99344A5B0064858C0CE00E7D85741269B0FC46F865656FAC349026AD656D7139B4214AB1D92E17706C0DC3BE78FCEBE68F8B3E0AD37C09E2AB5D2F4B9EEE6825B24B866BA75660C5DD7036AA8C61076F5A00FA3F4DF17780FE235C36916F25A6B2F0A7DA8DBDD58B9550085DE3CC403237E3D793EF587ADEAFF00077C39AC4FA4EADA6E876F7D06DF322FEC5DFB772861CAC441E083C1AF9D3C15E35D4BC09ACCDAA69705A4D3CB6ED6ECB748CCA14B2B646D6539CA0EFEB54FC53E24BCF17788EEF5CBF8E08EEAEB66F4814841B515060124F451DE803DA3C4DFF156FD97FE14BFEE3ECBBFFB57FB2BFE25B9DD8F277EEF2FCCFBB2E3AE39E99E7AFD67C117A3E17C6FA3E91043E38FB25B17BD80C71DD99F29E7B1B8C82588F33736EF9B27939E7C03C0BF11F58F87FF006FFEC9B6B19BEDDE5F99F6B8DDB1B37631B597FBE7AE7B5761FF000D1DE30FFA06E87FF7E26FFE3B401D47872F342F0AE9D258FC604827F10C9299ADDB5380EA120B520050245126177ACBF2E783938E727DDEBC23C39E1CB3F8EFA749E28F14493D9DF5ACA74F48F4C611C66350240489039DD995B9CE30071EBEEF4014F56D4A1D1B46BED52E164682CADE4B8916300B15452C40C903381EA2BCAFFE1A3BC1FF00F40DD73FEFC43FFC76BD03C77FF24F3C4DFF0060ABAFFD14D5E01F033C13E1DF18FF006F7F6FE9FF006CFB2FD9FC9FDF491EDDDE66EFB8C339DA3AFA50077FFF000D1DE0FF00FA06EB9FF7E21FFE3B47FC347783FF00E81BAE7FDF887FF8ED493F81BE095ADC4B6F712E8D0CF1394923935B7564607041065C820F6A8FFE10DF819FF3F5A1FF00E0F9BFF8F5001FF0D1DE0FFF00A06EB9FF007E21FF00E3B5D46A5E24B3F177C19D6F5CB08E78ED6EB4ABDD893A80E36AC88720123AA9EF5E61F1AFE1DF857C23E0DB3BFD0F4BFB25D49A8242CFF68964CA18E42461D88EAA3F2AEEFE14436373F022C20D50C634F92DEED2E8C926C51119650F96C8DA36E79C8C5007CF9E05F871AC7C40FB7FF64DCD8C3F61F2FCCFB5BBAE77EEC636AB7F70F5C76AF40D13E1C6B1F0935883C71AF5CD8DCE99A66EF3A2B077799BCC5312ED0EAAA7E69013961C03D7A57AFF0081746F03691F6FFF00842E5B193CDF2FED7F64BF3738C6ED99CBB6DEAFE99E7D2BC33E276BFF0012279BC45A76A30EA43C2E2F5D15DF4D091794B37EEBF7BB01C64260EEE78EB9A00F43FF00868EF07FFD0375CFFBF10FFF001DAF60AF9E3E0A7C3BF0AF8BBC1B797FAE697F6BBA8F507855FED12C78411C640C2301D58FE75E97F16753F15E95E15B59FC1F1DDBEA0D7A8920B5B4170DE56C7272A55B03705E71E9EB4014FC53F1AFC37E11F11DDE877F65AAC9756BB37BC114650EE4571826407A30ED58FF00F0D1DE0FFF00A06EB9FF007E21FF00E3B54344D1BC0DE20D1E0D53E254B63178BA7DDF6F4BFBF36530DAC563DD08740BFBB11E3E519183CE726FFF00C21BF033FE7EB43FFC1F37FF001EA00F30F1C7C38D624D3354F8882E6C7FB235097FB42284BBF9EB1DC480A065DBB770F31720311C1C135E5F5ED9E1FF00115DF8ABE247FC2BEBCBE8EF7C146E2E2DA0B38C2056B7815DA0025401C81E5C6776EC9C724E4E79BF8D7E16D1BC23E32B3B0D0ECFEC96B269E933279AF265CC920272E49E8A3F2A00FA4FC6BE35D37C09A343AA6A905DCD04B70B6EAB6A8ACC18AB364EE6518C21EFE9597A97892CFC5DF0675BD72C239E3B5BAD2AF7624EA038DAB221C8048EAA7BD1E23D4BE1B78BB4E8EC35CD7F43BBB58E5132A7F6B247870080728E0F463F9D65EB1AC781746F85BAD683A0EBBA32C0BA65DA5B5B47A924AC59D1CE065CB12598F1CF5A00E33F665FF99A7FEDD3FF006B5757AB7C7CF0AE8DACDF69771A7EB2D3D95C496F23470C454B23152466407191E82B84FD9E35DD1F44FF008493FB5B55B1B0F3BECDE5FDAEE122DF8F3738DC467191D3D456C7C45F0C7C3DD5B41D62F7C2E6C752F155D4A268A3B0D41AE2695DA55694AC4AE73F297270BC004F18A00CFF0011F872F3E3BEA31F8A3C2F24167636B10D3DE3D4D8C72191499090230E36E255E739C83C7AFD0F5E57F00F49D4B46F02DF5BEA9A7DDD8CEDA9C8EB1DD42D1315F2A219018038C83CFB1AF54A00E7FC77FF0024F3C4DFF60ABAFF00D14D5E41FB32FF00CCD3FF006E9FFB5ABD7FC77FF24F3C4DFF0060ABAFFD14D5E41FB32FFCCD3FF6E9FF00B5A803C7FC77FF00250FC4DFF615BAFF00D1AD5CFD7AC78B3E1078EF53F196B97F67A17996B75A84F342FF006B806E46918A9C17C8C823AD63FF00C292F887FF0042F7FE4EDBFF00F1CA00F5FF00DA3BFE49E69FFF006158FF00F454B47837FE4D7AE7FEC15A97FE85351FB477FC93CD3FFEC2B1FF00E8A968F06FFC9AF5CFFD82B52FFD0A6A00F20F865F137FE15CFF006A7FC4A3FB43EDFE57FCBCF95B366FFF0061B39DFEDD2BE8FD674CFF008599F0BE3B6F3BFB37FB62D2DAE776DF3BC9C94976E32BBBA633C7AFB57CA1E19F04F88BC63F6AFEC1D3FED9F65D9E77EFA38F6EECEDFBEC339DA7A7A57D3FE06F1B78752D745F05B6A18F10D9DA2594F67E4C9F24D0C589177EDD87051B90D838E09E280380FF00849BFE19FBFE294FB1FF006F7DAFFE265F6AF37ECBB37FEEF66CC3E71E56739FE2C638E4FF00869AFF00A947FF002A5FFDAABD0FC6BAFF00C37D2B59860F1843A6BEA0D6EAF19BAD34DC3795B980C3046C0DC1B8CFAFAD7CA9E1CF0B6B3E2ED464B0D0ECFED7751C46664F3523C20201397207561F9D007B47FC2B2FF85C7FF15EFF006BFF00647F6AFF00CB8FD9BED1E5795FB9FF0059BD3767CBDDF746338E719AF3FF0089BF0CBFE15CFF0065FF00C4DFFB43EDFE6FFCBB795B366CFF006DB39DFEDD2B1EFB51F1AF826F24F0F4DAC6ABA649698CDA41A83048F780FC6C6DBCEECF1EBEB5EB1F033FE2B5FEDEFF0084AFFE27DF64FB3FD9BFB57FD2BC9DFE66ED9E6676E76AE71D768F4A00CFD0BC0BFF000ADFC3DA67C53FED1FED1F22D22B9FECDF23C9DDF68411EDF3773636F9B9CEDE76F6CF1A1FF08CFF00C340FF00C557F6CFEC1FB27FC4B7ECBE57DAB7ECFDE6FDF94C67CDC631FC39CF3C72F6BE2A8B4EF8C37DA6F893539DBC236BA85DC0FA74E5E6B448D3CC1120806576AB04DA02E170318C57ADE9BF15FE1568D6ED6FA5EA36963033EF68ED74C9A252D803242C60670073EC28038CFF008665FF00A9BBFF0029BFFDB6BCBF59F02FF647C508FC17FDA3E6EFBBB6B6FB6791B71E7043BB66E3D37F4DDCE3B5761FF086FC73FF009FAD73FF0007CBFF00C7ABA06D6BC35E1DF035E699E2D6817E235BDA4E4DC4F6CD3DDA4E4335BB0B9556F98298B6B07F970064638003FE1997FEA6EFFCA6FF00F6DA3FE1597FC29CFF008AF7FB5FFB5FFB2BFE5C7ECDF67F37CDFDCFFACDEFB71E66EFBA738C719CD79FF8664F8A3E31FB57F60EB5AE5E7D97679DFF0013768F6EECEDFBF20CE769E9E9563C53E1AF8ADA7F872EEEBC4B71AABE909B3ED027D5966439750B94121CFCC57B71D6803B8FF869AFFA947FF2A5FF00DAABDFEBC33E01F86B41D67C0B7D71AA689A6DF4EBA9C88B25D5AA4AC17CA88E01604E324F1EE6BDCE8039FF001DFF00C93CF137FD82AEBFF45357CA1E05F88FAC7C3FFB7FF64DB58CDF6EF2FCCFB5C6ED8D9BB18DACBFDF3D73DABECFA2803E60FF00868EF187FD03743FFBF137FF001DA3FE1A3BC61FF40DD0FF00EFC4DFFC76BE9FA2803E3CF1AFC59D7BC77A343A5EA969A6C304570B70AD6B1BAB160ACB83B9D8630E7B7A57B1F837FE4D7AE7FEC15A97FE85357B051401F187817E23EB1F0FFEDFFD936D6337DBBCBF33ED71BB6366EC636B2FF7CF5CF6AF7FF03FC38D1E4D4F4BF8886E6FBFB5F508BFB425843A790B25C464B855DBBB68F31B00B13C0C935EA145007CC1FB477FC943D3FF00EC151FFE8D96BA8F11F872CFE0469D1F8A3C2F24F797D7528D3DE3D4D849188D8190902308776625E738C13C7A7BBD1401F0C78A7C4979E2EF11DDEB97F1C11DD5D6CDE90290836A2A0C0249E8A3BD6C7817E23EB1F0FF00EDFF00D936D6337DBBCBF33ED71BB6366EC636B2FF007CF5CF6AFB3E8A00F8D3C23A6C3F11BE2A476FAC349026AD71737139B4214AB147970BB83606E1DF3C7E75ED7FF0CE3E0FFF00A096B9FF007FE1FF00E355EC1450078DFC26F8B3AF78EFC5575A5EA969A6C304564F70AD6B1BAB160E8B83B9D8630E7B7A579C7C48D361D67F688974BB869160BDBDB1B791A32030578E152464119C1F435F55D1401C7F817E1C68FF000FFEDFFD93737D37DBBCBF33ED6E8D8D9BB18DAABFDF3D73DABCD2EBC6BA97C42F883A87C33D5A0B487459EF6E2DDA7B4465B80B016910866665C9312E7E5E84E31DBDEE8A00E6FC15E0AD37C09A34DA5E973DDCD04B70D70CD74EACC18AAAE06D5518C20EDEB5D25145007FFFD9, 'Addr1', 'AddrSub', 'AddrState', '2000', 'Addr2', null, null, null,2,1,null,'1970-04-05 00:00:00.000',null);
INSERT INTO [dbo].[UserPreferences] VALUES (@AdminUserID, 1,1,1,10,24,1,1,1,0,0,0x,NULL)
INSERT INTO [dbo].[UserProfiles] VALUES (@JohnDoeUserID, 'John', 'Doe','john@test.com', 'Addr1', 'AddrSub', 'AddrState', '2000', 'Addr2', null, null, null,  '55533332',0, 0xFFD8FFE000104A46494600010101006000600000FFDB004300080606070605080707070909080A0C140D0C0B0B0C1912130F141D1A1F1E1D1A1C1C20242E2720222C231C1C2837292C30313434341F27393D38323C2E333432FFDB0043010909090C0B0C180D0D1832211C213232323232323232323232323232323232323232323232323232323232323232323232323232323232323232323232323232FFC000110800A000A003012200021101031101FFC4001F0000010501010101010100000000000000000102030405060708090A0BFFC400B5100002010303020403050504040000017D01020300041105122131410613516107227114328191A1082342B1C11552D1F02433627282090A161718191A25262728292A3435363738393A434445464748494A535455565758595A636465666768696A737475767778797A838485868788898A92939495969798999AA2A3A4A5A6A7A8A9AAB2B3B4B5B6B7B8B9BAC2C3C4C5C6C7C8C9CAD2D3D4D5D6D7D8D9DAE1E2E3E4E5E6E7E8E9EAF1F2F3F4F5F6F7F8F9FAFFC4001F0100030101010101010101010000000000000102030405060708090A0BFFC400B51100020102040403040705040400010277000102031104052131061241510761711322328108144291A1B1C109233352F0156272D10A162434E125F11718191A262728292A35363738393A434445464748494A535455565758595A636465666768696A737475767778797A82838485868788898A92939495969798999AA2A3A4A5A6A7A8A9AAB2B3B4B5B6B7B8B9BAC2C3C4C5C6C7C8C9CAD2D3D4D5D6D7D8D9DAE2E3E4E5E6E7E8E9EAF2F3F4F5F6F7F8F9FAFFDA000C03010002110311003F00F7B9E786D6DE5B8B8963860890BC9248C155140C9249E0003BD61FFC277E0FFF00A1AF43FF00C18C3FFC551E3BFF009279E26FFB055D7FE8A6AF983E197C32FF00858DFDA9FF00137FECFF00B0795FF2EDE6EFDFBFFDB5C6367BF5A00FA7FF00E13BF07FFD0D7A1FFE0C61FF00E2A8FF0084EFC1FF00F435E87FF83187FF008AAF20FF008665FF00A9BBFF0029BFFDB68FF8665FFA9BBFF29BFF00DB6803D7FF00E13BF07FFD0D7A1FFE0C61FF00E2AB62C6FECF53B38EF2C2EE0BBB5933B268241223609070C3838208FC2BE58F88FF0007FF00E15FF87ADF56FEDDFB7F9D76B6DE57D93CAC651DB7677B7F7318C77AF5FF00861A9FF627ECFF006BAB793E77D86D2F6E7CADDB77EC9656DB9C1C6718CE0D007A8565C3E25D06E7543A5C1ADE9B2EA01D90DA25D234A1973B86C0739183918E306B93F865F137FE1637F6A7FC4A3FB3FEC1E57FCBCF9BBF7EFF00F61718D9EFD6BC83C1BFF274373FF615D4BFF419A803E8BD4BC4BA0E8D70B6FAA6B7A6D8CEC9BD63BABA4898AE48C80C41C641E7D8D1A6F89741D66E1ADF4BD6F4DBE9D537B476B7492B05C819214938C91CFB8AE0FE23FC1FFF008581E21B7D5BFB77EC1E4DA2DB795F64F3738776DD9DEBFDFC631DABC03E1C78EBFE15FF00886E356FECEFB7F9D68D6DE579FE5632E8DBB3B5BFB98C63BD007D773789741B6D506973EB7A6C5A81754168F748B2966C6D1B09CE4E460639C8AD4AF8C359F1D7F6BFC508FC69FD9DE56CBBB6B9FB1F9FBB3E4841B77ED1D7675DBC67BD7D1FF0CBE26FFC2C6FED4FF8947F67FD83CAFF00979F377EFDFF00EC2E31B3DFAD007493F8D3C2B6B712DBDC78974686789CA491C97F12B230382082D9041ED51FFC277E0FFF00A1AF43FF00C18C3FFC557986BBFB3C7F6DF88753D5BFE129F27EDD772DCF95FD9FBB66F72DB73E60CE338CE0567FFC332FFD4DDFF94DFF00EDB401EE7A96ADA6E8D6EB71AA6A16963033EC592EA65894B609C02C40CE01E3D8D65FFC277E0FFF00A1AF43FF00C18C3FFC5579FF00ED1DFF0024F34FFF00B0AC7FFA2A5AE03C13F033FE131F0858EBFF00F091FD8FED5E67EE3EC3E66DDB2327DEF30673B73D3BD007BFFF00C277E0FF00FA1AF43FFC18C3FF00C551FF0009DF83FF00E86BD0FF00F0630FFF00155E41FF000CCBFF005377FE537FFB6D1FF0CCBFF5377FE537FF00B6D007AFFF00C277E0FF00FA1AF43FFC18C3FF00C557415F187C47F02FFC2BFF0010DBE93FDA3F6FF3AD16E7CDF23CAC65DD76E3737F7339CF7AFB3E8039FF001DFF00C93CF137FD82AEBFF45357907ECCBFF334FF00DBA7FED6AF5FF1DFFC93CF137FD82AEBFF0045357907ECCBFF00334FFDBA7FED6A00F3BF19F8D3C556BE3AF10DBDBF897598608B53B948E38EFE5554512B00000D8000ED587FF09DF8C3FE86BD73FF0006337FF15478EFFE4A1F89BFEC2B75FF00A35AB9FA00FA7FF68EFF009279A7FF00D8563FFD152D6A7C289AC6DBE04584FAA08CE9F1DBDDBDD0923DEA6212CA5F2B83B86DCF1839ACBFDA3BFE49E69FFF006158FF00F454B5A9F0A34D8759F81161A5DC348B05EDBDDDBC8D190182BCB2A923208CE0FA1A008F4CF89FF09344F37FB26EEC6C3CEC799F64D2A58B7E338CED8867193D7D4D5CF0F78B7E17EB5E2C857425D35F5EB9791E39934B68E566DACCE7CC318E4AEEC9279E7D6BC53E307C38D1FE1FFF00637F64DCDF4DF6EF3FCCFB5BA36367978C6D55FEF9EB9ED5EA7F0C7E13683A543E1DF184177A936A0F64970637910C5BA5870C30101C0DE71CFA75A00E43E3E78975ED1BC75636FA5EB7A958C0DA646ED1DADD3C4A5BCD94648520670073EC2B3FC15E0E1F0F7599B56F899A3DA41A2CD6ED6D035D24778A6E0B2B28089BC83B524F9B18EA33CF3EBFE35F84DA0F8EF598754D52EF528678ADD6DD56D644552A199B277231CE5CF7F4AD8F1AF82B4DF1DE8D0E97AA4F770C115C2DC2B5ABAAB160ACB83B958630E7B7A5007CA9E351A5F88FE265C45E0F8206B1BD96086CA2821FB3A339445C0560BB72F9EA07AFBD7A87C32FF8B39FDA9FF09EFF00C4A3FB57CAFB17FCBC79BE56FDFF00EA77EDC7989D719CF19C1AD7BFF829E1BF0769D73E28D3AF75596FB4689B50B78EE258DA3692106450E16304A92A3201071DC578C78EBE23EB1F103EC1FDAD6D630FD87CCF2FEC91BAE77EDCE77337F7074C77A00F77F14FC45D27C67E1CBBD03C0BADCF37896EF67D8D20596D9CED7577C48E142FC8AFD5867A77C579C7FC21BF1CFF00E7EB5CFF00C1F2FF00F1EAF37F0B7892F3C23E23B4D72C23824BAB5DFB1275250EE464390083D18F7AF48FF868EF187FD03743FF00BF137FF1DA00EFFF0068EFF9279A7FFD8563FF00D152D49E069E6B5FD99A4B8B79648678B4CD41E392362AC8C1E6208239041EF51FED1DFF0024F34FFF00B0AC7FFA2A5A3C1BFF0026BD73FF0060AD4BFF00429A803C03FE13BF187FD0D7AE7FE0C66FFE2ABB8F841E2CF126A7F14B46B3BFF106AB776B279FBE19EF64911B104846549C1C100FE15E4F5E81F04BFE4AF685FF006F1FFA224A00E83F68EFF9287A7FFD82A3FF00D1B2D7D3F5F307ED1DFF00250F4FFF00B0547FFA365AFA7E8039FF001DFF00C93CF137FD82AEBFF45357CE1F07FE23E8FF000FFF00B67FB5ADAFA6FB7791E5FD92346C6CF3339DCCBFDF1D33DEBEA3D5A1B1B9D1AFA0D50C634F92DE44BA3249B14445487CB646D1B73CE462BCAFFE10DF819FF3F5A1FF00E0F9BFF8F5001FF0D1DE0FFF00A06EB9FF007E21FF00E3B47FC347783FFE81BAE7FDF887FF008ED1FF00086FC0CFF9FAD0FF00F07CDFFC7A8FF8437E067FCFD687FF0083E6FF00E3D401C27C59F8B3A0F8EFC2B6BA5E9769A9433C57A970CD751A2A9508EB81B5D8E72E3B7AD777E0DFF935EB9FFB056A5FFA14D5A9A97C28F855A35BADC6A9A75A58C0CFB164BAD4E6894B609C02D2019C03C7B1AD4B3D4BE1B69FE176F0D5AEBFA1C7A43452426DFF00B590E5242C5C6E2FBB9DCDDF8CF1401F347817E1C6B1F103EDFF00D9373630FD87CBF33ED6EEB9DFBB18DAADFDC3D71DABD62F3C4767E2AF0BAFC1FB18E78FC430C51E9ED733A816864B52AD210C097DA442DB4ECC9C8C81CE31FC75AEE8FF000DFEC1FF000AB355B1B7FB7F99FDA3F64B84BDDDB36F959F30BECFBF274C679EB8E3CEE193C6FA36A87C72963A95B4F23B5D7F69BD81F2899B20BE593661BCCE38C7CC31DA802BF8D7C15A9781359874BD527B49A796DD6E15AD5D99429665C1DCAA73943DBD2BEB7F1AF8D74DF0268D0EA9AA41773412DC2DBAADAA2B3062ACD93B99463087BFA579A7C38D134EF8B7E1EB8D7FC716FF00DABA9DBDDB59453EF6836C2A88E176C4554FCD239C919E7AF02B6FE3E693A96B3E05B1B7D2F4FBBBE9D7538DDA3B585A560BE54A324282719239F71401C65E7872F3C55E285F8C1632411F87A1963D41ADA7622ECC76A1564014029B8985B68DF83919239C7ABF817E23E8FF00103EDFFD936D7D0FD87CBF33ED71A2E77EEC636B37F70F5C76AF9921F1778F346D2CF81924BBB682446B5FECC7B14F3489B24A61937E5BCCE39CFCC31DABD33E067FC515FDBDFF00095FFC487ED7F67FB37F6AFF00A2F9DB3CCDDB3CCC6EC6E5CE3A6E1EB401E87A67C59D0755F1E3F83E0B4D497504B89EDCC8F1A08B74418B1C87270761C71E9D2BC73F68EFF9287A7FFD82A3FF00D1B2D76FE2AB4F075941A8788FC03736373E38794CD6DF60BDFB5CCEF23FEF8AC1B9837C8D213F29C0C9E319143C3967A178AB4E92FBE303C107886394C36EBA9CE74F90DA800A911A98F2BBDA5F9B1C9C8CF18001AFFB477FC93CD3FF00EC2B1FFE8A96B98F877F1AFC37E11F0269BA1DFD96AB25D5AF9BBDE08A328774AEE304C80F461DABD6F528FC11F11ADD747B8BED3759485FED42DED6FC1652015DE7CB707037E3D391ED5CBCDF0DFE0F5B6A834B9E1D362D40BAA0B47D5E4594B36368D865CE4E460639C8A00A7FF0D1DE0FFF00A06EB9FF007E21FF00E3B47FC347783FFE81BAE7FDF887FF008ED686A7F0C3E12689E57F6B5A58D879D9F2FED7AACB16FC6338DD28CE323A7A8A926F851F0AADB4B1AA4FA75A45A79457176FA9CCB1156C6D3BCC98C1C8C1CF391401E11F167C6BA6F8EFC556BAA69705DC30456496ECB748AAC583BB646D6618C38EFEB5F61D799E9BF0A3E156B36ED71A5E9D697D02BEC692D7539A550D80704AC84670471EE2BD328039FF001DFF00C93CF137FD82AEBFF45357CC1F0CBE197FC2C6FED4FF0089BFF67FD83CAFF976F377EFDFFEDAE31B3DFAD7D4FE2CB1B8D4FC1BAE5859C7E65D5D69F3C30A6E0373B46C1464F03248EB5F34699F0C3E2DE89E6FF64DA5F5879D8F33EC9AAC516FC6719DB28CE327AFA9A00E7F46F02FF6BFC5093C17FDA3E56CBBB9B6FB6791BB3E4873BB66E1D7674DDC67BD1F11FC0BFF000AFF00C436FA4FF68FDBFCEB45B9F37C8F2B19775DB8DCDFDCCE73DEBEA7F0A7852C34ED2749BDBDD16C63F10A5A466EEF0C11B4E6731812B34A012CC496CB64E727939AF30F8D7F0EFC55E2EF1959DFE87A5FDAED63D3D2167FB4451E1C4921230EC0F461F9D0057FF849BFE1A07FE294FB1FF60FD93FE265F6AF37ED5BF67EEF66CC2633E6E739FE1C639E3CBF59F02FF647C508FC17FDA3E6EFBBB6B6FB6791B71E7043BB66E3D37F4DDCE3B56E69BF0A3E2AE8D70D71A5E9D77633B26C692D75386262B90704AC80E32071EC2B2F4DB3D774FF008CDA25AF895A77D5D355B2FB419E71339CB46572E09CFCA57BF1D2803D23FE1997FEA6EFFCA6FF00F6DA3FE126FF0084B7FE2CBFD8FEC9E4FF00C4B7FB5FCDF333F64F9B7F9381F7FC9E9BF8DDD4E39F7FAF08F0D7C3BF1569FF001E67F12DD697E5E90DA85ECC2E3ED111CA48B2843B436EE772F6E33CD0057FF849BFE19FBFE294FB1FF6F7DAFF00E265F6AF37ECBB37FEEF66CC3E71E56739FE2C638E4FF869AFFA947FF2A5FF00DAABD0FC6BAFFC37D2B59860F1843A6BEA0D6EAF19BAD34DC3795B980C3046C0DC1B8CFAFAD7CA9E1CF0B6B3E2ED464B0D0ECFED7751C46664F3523C20201397207561F9D007B47FC233FF00096FFC5E8FB67D93C9FF008997F64795E667EC9F2ECF3B23EFF93D7671BBA1C727FC9C67FD4BDFD85FF6F7E7F9FF00F7EF6EDF27DF3BBB639C7F0A7C3DF8A7A76ADA4D95EC17D1F8792EE3177667548DA0301901955A21210CA416CAE0E727839AFA1F4CD0B47D13CDFEC9D2AC6C3CEC799F64B748B7E338CED0338C9EBEA6803C43FE1597FC29CFF8AF7FB5FF00B5FF00B2BFE5C7ECDF67F37CDFDCFF00ACDEFB71E66EFBA738C719CD1FF08CFF00C340FF00C557F6CFEC1FB27FC4B7ECBE57DAB7ECFDE6FDF94C67CDC631FC39CF3C65E83AB6A5ADFED0377E1FD5B50BBD43457D4EF91B4EBB99A5B7654129406362570A554818E0A8C74AE93E23F82BC6D1F886DC7C3BB59F4ED23EC8A668B4CBC8ECA369F7BEE6281D72DB760DD8E800CF14019FFF0008CFFC33F7FC557F6CFEDEFB5FFC4B7ECBE57D9766FF00DE6FDF97CE3CAC631FC59CF1C9FF0008CFFC25BFF17A3ED9F64F27FE265FD91E57999FB27CBB3CEC8FBFE4F5D9C6EE871CF1FF000E3C716527886E07C44D5E7D4748FB231862D4C497B1ACFBD36B0421B0DB778DD8E848CF35D45E59EBB7FE285F117875E75F860B2C734B1413886D3ECB1851740DA920952566DCBB3E6E7839E402C7FC9C67FD4BDFD85FF6F7E7F9FF00F7EF6EDF27DF3BBB639F4FD67C0BFDAFF0BE3F05FF0068F95B2D2DADBED9E46ECF9250EED9B875D9D37719EF5E21F137C6DE1D8FFB2FFE15AEA1FD999F37EDFF00D950C963E67DCF2F7E1537E3F798EB8C9E99AC7BCB6F8B5A7F85D7C4B75AB6B91E90D14730B8FED927292150876893773B97B719E6803B8FF849BFE19FBFE294FB1FF6F7DAFF00E265F6AF37ECBB37FEEF66CC3E71E56739FE2C638E7DFEBE70F871E35F04C9E1EB83F112EA0D4757FB5B0865D4ECE4BD9160D89B543946C2EEDE76E7A9271CD7D1F40051597E25D366D67C2BABE976ED1ACF7B6535BC6D2121433A1504E0138C9F435F3A7FC338F8C3FE825A1FFDFF009BFF008D5006A7897E3E78AB46F156AFA5DBE9FA3341657B35BC6D2432962A8E54138900CE07A0ACBFF868EF187FD03743FF00BF137FF1DAE4FC23A943F0E7E2A4771AC2C93A69371736F38B4018B30478B2BB8AE46E3DF1C7E5563E2CF8D74DF1DF8AAD754D2E0BB8608AC92DD96E91558B0776C8DACC31871DFD6803A4FF00868EF187FD03743FFBF137FF001DAEEFC1DE0AD37E211D2BE266AD3DDC3AD4F70B70D05A3AADB86824F2D0056566C1112E7E6EA4E31DBC83E1378D74DF0278AAEB54D520BB9A096C9EDD56D5159831746C9DCCA31843DFD2BB4D6FE1C6B1F16F589FC71A0DCD8DB699A9EDF262BF774997CB51136E08ACA3E68C91863C11D3A50077FF00183E23EB1F0FFF00B1BFB26DAC66FB779FE67DAE376C6CF2F18DACBFDF3D73DAB98F877F1AFC49E2EF1DE9BA1DFD96951DADD79BBDE08A40E36C4EE304C847551DAB97FF008671F187FD04B43FFBFF0037FF001AAF73935287E1CFC32B2B8D61649D349B2B6B79C5A00C5986C8B2BB8AE46E3DF1C7E5401E19FB477FC943D3FF00EC151FFE8D96BA8F11F872CFE0469D1F8A3C2F24F797D7528D3DE3D4D849188D8190902308776625E738C13C7A6BFF00C347783FFE81BAE7FDF887FF008ED7B05007CE9E1AF8F9E2AD67C55A469771A7E8CB05EDEC36F23470CA182BB852466423383E86BBBF8C1F11F58F87FF00D8DFD936D6337DBBCFF33ED71BB6367978C6D65FEF9EB9ED478E3E23E8F26A7AA7C3B16D7DFDAFA845FD9F14C634F2164B88C042CDBB76D1E62E4852783806B90F0CFF00C63F7DABFE12BFF4DFEDBD9F66FECAFDE6CF273BB7F99B319F35718CF43D3B8058BCF0E59F857C2EBF182C649E4F10CD147A835B4EC0DA092E8AAC802801F681336D1BF230324F39E5FF00E1A3BC61FF0040DD0FFEFC4DFF00C76AC5FF00C14F1278C751B9F1469D7BA54563ACCADA85BC7712C8B22C731322870B19018061900919EE6BA0F0E788ECFE0469D2785FC511CF797D7529D4124D31449188D808C026428776626E318C11CFA00799FC26F0569BE3BF155D697AA4F770C11593DC2B5ABAAB160E8B83B958630E7B7A577979E23BCF0AF8A17E0FD8C7049E1E9A58F4F6B99D49BB11DD05690860426E0666DA766060641E73C1F8D7E136BDE04D1A1D5354BBD366825B85B755B591D9831566C9DC8A31843DFD2BA8D03E2CE83A57C1A9BC1F3DA6A4DA83D95DDB891234316E94C854E4B8381BC678F5EB401DDFFC338F83FF00E825AE7FDFF87FF8D573167E23BCF1578A1BE0FDF47047E1E865934F5B98148BB31DA8668C9624A6E2615DC7660E4E00E31E6FE05F871AC7C40FB7FF0064DCD8C3F61F2FCCFB5BBAE77EEC636AB7F70F5C76AFA8E4D4A1F873F0CACAE35859274D26CADADE7168031661B22CAEE2B91B8F7C71F9500717FF000CE3E0FF00FA096B9FF7FE1FFE355EC15F3C788FC3979F1DF518FC51E17920B3B1B58869EF1EA6C6390C8A4C84811871B712AF39CE41E3D7E87A00CBF12CD7D6DE15D5E7D2C487508ECA67B511C7BD8CA1094C2E0EE3BB1C60E6BE74FF0084CBE39FFCFAEB9FF8215FFE335F47EBBA9FF62787B53D5BC9F3BEC3692DCF95BB6EFD885B6E70719C633835E21FF0D35FF528FF00E54BFF00B5500789DC5BEB5ADF896EA296CEEEE75AB8B895E7812DCF9AD2E4B49FBB519041DC48038C1F4AF5CF871E0AF04C7E1EB81F112D60D3B57FB5B1862D4EF24B291A0D89B582175CAEEDE3763A8233C579FE8DE3AFEC8F8A1278D3FB3BCDDF777373F63F3F6E3CE0E36EFDA7A6FEBB79C76AF50FF8467FE1A07FE2ABFB67F60FD93FE25BF65F2BED5BF67EF37EFCA633E6E318FE1CE79E003CEFE13699E14D57C5575078C24B44D3D6C9DE3375766DD7CDDE8061832E4ED2DC67D7D2BEABF0B59E85A7F872D2D7C34D03E909BFECE609CCC872EC5B0E49CFCC5BBF1D2BE48F871E05FF008581E21B8D27FB47EC1E4DA35CF9BE479B9C3A2EDC6E5FEFE739ED5F57F827C33FF0877842C740FB67DB3ECBE67EFF00CAF2F76E919FEEE4E31BB1D7B500686A7AEE8FA2795FDADAAD8D879D9F2FED770916FC6338DC467191D3D457CD1F11BC4FF10B515D7ADAE45F4BE1192ED8C338D3D440F009730B2CC1395384C36EF9B23939AEA3F69AFF00995BFEDEFF00F68D77F1F867FE131F81BA4681F6CFB1FDAB4AB1FDFF0095E66DDAB1BFDDC8CE76E3AF7A00F38F829F0EFC2BE2EF06DE5FEB9A5FDAEEA3D41E157FB44B1E1047190308C07563F9D7A5FC59D4FC57A57856D67F07C776FA835EA2482D6D05C3795B1C9CA956C0DC179C7A7AD79E7FC24DFF000CFDFF0014A7D8FF00B7BED7FF00132FB579BF65D9BFF77B3661F38F2B39CFF1631C727FC34D7FD4A3FF00952FFED5401E47A9EA7E2B9FC789A8EA31DD8F140B881D51ED024BE6A85F2BF75B40CE02606DE78EB9AF5CF0CFFC55BF6AFF0085D1FB8FB2ECFECAFED5FF00896E7767CED9B7CBF33EEC59EB8E3A6793FE119FF84B7FE2F47DB3EC9E4FFC4CBFB23CAF333F64F97679D91F7FC9EBB38DDD0E393FE4E33FEA5EFEC2FF00B7BF3FCFFF00BF7B76F93EF9DDDB1C8058F0BF8A3C5DA5FC408ACEF269ED7E1EDB4B3436D753DA225A0B55575B722E4AF2A7110562E77647273CF3FF001AEC2F3C63E32B3D47C2F693EB9631E9E903DCE9919B98D641248C50B47901806538EB861EB55FC6DF137CBF085F7C35FEC8CFF67797A6FF00687DA7FD67D9A451BFCBD9C6EF2FA6E38CF538AEFF00F671FF009279A87FD8564FFD151500769A947E08F88D6EBA3DC5F69BACA42FF6A16F6B7E0B2900AEF3E5B8381BF1E9C8F6AE5FC4BF063C156DE15D5E7D2FC3B21D423B299ED4477370EC65084A61779DC77638C1CD729FF08CFF00C33F7FC557F6CFEDEFB5FF00C4B7ECBE57D9766FFDE6FDF97CE3CAC631FC59CF1C9FF0D35FF528FF00E54BFF00B55001F033FE28AFEDEFF84AFF00E243F6BFB3FD9BFB57FD17CED9E66ED9E66376372E71D370F5AE9FE2FF008B3C37A9FC2DD66CEC3C41A55DDD49E46C860BD8E476C4F1938507270013F85731FF002719FF0052F7F617FDBDF9FE7FFDFBDBB7C9F7CEEED8E7CBF46F02FF006BFC5093C17FDA3E56CBBB9B6FB6791BB3E4873BB66E1D7674DDC67BD007AE7C03F12E83A37816FADF54D6F4DB19DB5391D63BABA4898AF9510C80C41C641E7D8D7B9D7C61F11FC0BFF0AFFC436FA4FF0068FDBFCEB45B9F37C8F2B19775DB8DCDFDCCE73DEBECFA00E7FC77FF0024F3C4DFF60ABAFF00D14D5E21FB3C685A3EB7FF000927F6B695637FE4FD9BCBFB5DBA4BB33E6E71B81C6703A7A0AF6FF1DFFC93CF137FD82AEBFF0045357907ECCBFF00334FFDBA7FED6A00E9FE2FF84FC37A67C2DD66F2C3C3FA55A5D47E46C9A0B28E375CCF1838603232091F8D57FD9C7FE49E6A1FF61593FF00454558975E35D4BE217C41D43E19EAD05A43A2CF7B716ED3DA232DC0580B488433332E498973F2F42718EDEAFE0AF0569BE04D1A6D2F4B9EEE6825B86B866BA75660C5557036AA8C61076F5A00E4FE23F822F63F0F5B9F877A441A76AFF6B5134BA618ECA468363EE52E0AE5776C3B73D4038E2B5340D33C5707C1A9B4ED464BB3E28365768AEF761E5F358C9E57EF77119C14C1DDC71D315E39FF000D1DE30FFA06E87FF7E26FFE3B5EEFF0EFC4979E2EF0269BAE5FC70477575E6EF4814841B6574180493D1477A00E1FE197827C4527F6A7FC2CAD3FFB4F1E57D83FB5668EFBCBFBFE66CCB3ECCFEEF3D3381D715DA697E3DF07CDE205F0969B7F1AEA16EEF6A9651DAC88A862077203B4200A10F438E38AEB2BE60F06FF00C9D0DCFF00D85752FF00D066A00F63F1AEBFF0DF4AD66183C610E9AFA835BABC66EB4D370DE56E6030C11B03706E33EBEB5F2A7873C2DACF8BB5192C343B3FB5DD47119993CD48F080804E5C81D587E75E91FB477FC943D3FF00EC151FFE8D96BA8F11F872CFE0469D1F8A3C2F24F797D7528D3DE3D4D849188D8190902308776625E738C13C7A00797E9FA87883C17E2DB0F0E788B51BEB3D32D2EE117FA71BA6920F21D95DD5A342559591892A01CE4822BE97F02EB3E06D5FEDFF00F085C5631F95E5FDAFEC9606DB39DDB33945DDD1FD71CFAD7C91E29F125E78BBC4777AE5FC70477575B37A40A420DA8A8300927A28EF5B1E05F88FAC7C3FFB7FF64DB58CDF6EF2FCCFB5C6ED8D9BB18DACBFDF3D73DA803D01FC0F7BE1FF008ABA8F8BFC5FA4403C22350BA9A69E731DC21494BAC44C40B31CBBA7F0F19C9C638F43D37E2BFC2AD1ADDADF4BD46D2C6067DED1DAE99344A5B0064858C0CE00E7D85741269B0FC46F865656FAC349026AD656D7139B4214AB1D92E17706C0DC3BE78FCEBE68F8B3E0AD37C09E2AB5D2F4B9EEE6825B24B866BA75660C5DD7036AA8C61076F5A00FA3F4DF17780FE235C36916F25A6B2F0A7DA8DBDD58B9550085DE3CC403237E3D793EF587ADEAFF00077C39AC4FA4EADA6E876F7D06DF322FEC5DFB772861CAC441E083C1AF9D3C15E35D4BC09ACCDAA69705A4D3CB6ED6ECB748CCA14B2B646D6539CA0EFEB54FC53E24BCF17788EEF5CBF8E08EEAEB66F4814841B515060124F451DE803DA3C4DFF156FD97FE14BFEE3ECBBFFB57FB2BFE25B9DD8F277EEF2FCCFBB2E3AE39E99E7AFD67C117A3E17C6FA3E91043E38FB25B17BD80C71DD99F29E7B1B8C82588F33736EF9B27939E7C03C0BF11F58F87FF006FFEC9B6B19BEDDE5F99F6B8DDB1B37631B597FBE7AE7B5761FF000D1DE30FFA06E87FF7E26FFE3B401D47872F342F0AE9D258FC604827F10C9299ADDB5380EA120B520050245126177ACBF2E783938E727DDEBC23C39E1CB3F8EFA749E28F14493D9DF5ACA74F48F4C611C66350240489039DD995B9CE30071EBEEF4014F56D4A1D1B46BED52E164682CADE4B8916300B15452C40C903381EA2BCAFFE1A3BC1FF00F40DD73FEFC43FFC76BD03C77FF24F3C4DFF0060ABAFFD14D5E01F033C13E1DF18FF006F7F6FE9FF006CFB2FD9FC9FDF491EDDDE66EFB8C339DA3AFA50077FFF000D1DE0FF00FA06EB9FF7E21FFE3B47FC347783FF00E81BAE7FDF887FF8ED493F81BE095ADC4B6F712E8D0CF1394923935B7564607041065C820F6A8FFE10DF819FF3F5A1FF00E0F9BFF8F5001FF0D1DE0FFF00A06EB9FF007E21FF00E3B5D46A5E24B3F177C19D6F5CB08E78ED6EB4ABDD893A80E36AC88720123AA9EF5E61F1AFE1DF857C23E0DB3BFD0F4BFB25D49A8242CFF68964CA18E42461D88EAA3F2AEEFE14436373F022C20D50C634F92DEED2E8C926C51119650F96C8DA36E79C8C5007CF9E05F871AC7C40FB7FF64DCD8C3F61F2FCCFB5BBAE77EEC636AB7F70F5C76AF40D13E1C6B1F0935883C71AF5CD8DCE99A66EF3A2B077799BCC5312ED0EAAA7E69013961C03D7A57AFF0081746F03691F6FFF00842E5B193CDF2FED7F64BF3738C6ED99CBB6DEAFE99E7D2BC33E276BFF0012279BC45A76A30EA43C2E2F5D15DF4D091794B37EEBF7BB01C64260EEE78EB9A00F43FF00868EF07FFD0375CFFBF10FFF001DAF60AF9E3E0A7C3BF0AF8BBC1B797FAE697F6BBA8F507855FED12C78411C640C2301D58FE75E97F16753F15E95E15B59FC1F1DDBEA0D7A8920B5B4170DE56C7272A55B03705E71E9EB4014FC53F1AFC37E11F11DDE877F65AAC9756BB37BC114650EE4571826407A30ED58FF00F0D1DE0FFF00A06EB9FF007E21FF00E3B54344D1BC0DE20D1E0D53E254B63178BA7DDF6F4BFBF36530DAC563DD08740BFBB11E3E519183CE726FFF00C21BF033FE7EB43FFC1F37FF001EA00F30F1C7C38D624D3354F8882E6C7FB235097FB42284BBF9EB1DC480A065DBB770F31720311C1C135E5F5ED9E1FF00115DF8ABE247FC2BEBCBE8EF7C146E2E2DA0B38C2056B7815DA0025401C81E5C6776EC9C724E4E79BF8D7E16D1BC23E32B3B0D0ECFEC96B269E933279AF265CC920272E49E8A3F2A00FA4FC6BE35D37C09A343AA6A905DCD04B70B6EAB6A8ACC18AB364EE6518C21EFE9597A97892CFC5DF0675BD72C239E3B5BAD2AF7624EA038DAB221C8048EAA7BD1E23D4BE1B78BB4E8EC35CD7F43BBB58E5132A7F6B247870080728E0F463F9D65EB1AC781746F85BAD683A0EBBA32C0BA65DA5B5B47A924AC59D1CE065CB12598F1CF5A00E33F665FF99A7FEDD3FF006B5757AB7C7CF0AE8DACDF69771A7EB2D3D95C496F23470C454B23152466407191E82B84FD9E35DD1F44FF008493FB5B55B1B0F3BECDE5FDAEE122DF8F3738DC467191D3D456C7C45F0C7C3DD5B41D62F7C2E6C752F155D4A268A3B0D41AE2695DA55694AC4AE73F297270BC004F18A00CFF0011F872F3E3BEA31F8A3C2F24167636B10D3DE3D4D8C72191499090230E36E255E739C83C7AFD0F5E57F00F49D4B46F02DF5BEA9A7DDD8CEDA9C8EB1DD42D1315F2A219018038C83CFB1AF54A00E7FC77FF0024F3C4DFF60ABAFF00D14D5E41FB32FF00CCD3FF006E9FFB5ABD7FC77FF24F3C4DFF0060ABAFFD14D5E41FB32FFCCD3FF6E9FF00B5A803C7FC77FF00250FC4DFF615BAFF00D1AD5CFD7AC78B3E1078EF53F196B97F67A17996B75A84F342FF006B806E46918A9C17C8C823AD63FF00C292F887FF0042F7FE4EDBFF00F1CA00F5FF00DA3BFE49E69FFF006158FF00F454B47837FE4D7AE7FEC15A97FE85351FB477FC93CD3FFEC2B1FF00E8A968F06FFC9AF5CFFD82B52FFD0A6A00F20F865F137FE15CFF006A7FC4A3FB43EDFE57FCBCF95B366FFF0061B39DFEDD2BE8FD674CFF008599F0BE3B6F3BFB37FB62D2DAE776DF3BC9C94976E32BBBA633C7AFB57CA1E19F04F88BC63F6AFEC1D3FED9F65D9E77EFA38F6EECEDFBEC339DA7A7A57D3FE06F1B78752D745F05B6A18F10D9DA2594F67E4C9F24D0C589177EDD87051B90D838E09E280380FF00849BFE19FBFE294FB1FF006F7DAFFE265F6AF37ECBB37FEEF66CC3E71E56739FE2C638E4FF00869AFF00A947FF002A5FFDAABD0FC6BAFF00C37D2B59860F1843A6BEA0D6EAF19BAD34DC3795B980C3046C0DC1B8CFAFAD7CA9E1CF0B6B3E2ED464B0D0ECFED7751C46664F3523C20201397207561F9D007B47FC2B2FF85C7FF15EFF006BFF00647F6AFF00CB8FD9BED1E5795FB9FF0059BD3767CBDDF746338E719AF3FF0089BF0CBFE15CFF0065FF00C4DFFB43EDFE6FFCBB795B366CFF006DB39DFEDD2B1EFB51F1AF826F24F0F4DAC6ABA649698CDA41A83048F780FC6C6DBCEECF1EBEB5EB1F033FE2B5FEDEFF0084AFFE27DF64FB3FD9BFB57FD2BC9DFE66ED9E6676E76AE71D768F4A00CFD0BC0BFF000ADFC3DA67C53FED1FED1F22D22B9FECDF23C9DDF68411EDF3773636F9B9CEDE76F6CF1A1FF08CFF00C340FF00C557F6CFEC1FB27FC4B7ECBE57DAB7ECFDE6FDF94C67CDC631FC39CF3C72F6BE2A8B4EF8C37DA6F893539DBC236BA85DC0FA74E5E6B448D3CC1120806576AB04DA02E170318C57ADE9BF15FE1568D6ED6FA5EA36963033EF68ED74C9A252D803242C60670073EC28038CFF008665FF00A9BBFF0029BFFDB6BCBF59F02FF647C508FC17FDA3E6EFBBB6B6FB6791B71E7043BB66E3D37F4DDCE3B5761FF086FC73FF009FAD73FF0007CBFF00C7ABA06D6BC35E1DF035E699E2D6817E235BDA4E4DC4F6CD3DDA4E4335BB0B9556F98298B6B07F970064638003FE1997FEA6EFFCA6FF00F6DA3FE1597FC29CFF008AF7FB5FFB5FFB2BFE5C7ECDF67F37CDFDCFFACDEFB71E66EFBA738C719CD79FF8664F8A3E31FB57F60EB5AE5E7D97679DFF0013768F6EECEDFBF20CE769E9E9563C53E1AF8ADA7F872EEEBC4B71AABE909B3ED027D5966439750B94121CFCC57B71D6803B8FF869AFFA947FF2A5FF00DAABDFEBC33E01F86B41D67C0B7D71AA689A6DF4EBA9C88B25D5AA4AC17CA88E01604E324F1EE6BDCE8039FF001DFF00C93CF137FD82AEBFF45357CA1E05F88FAC7C3FFB7FF64DB58CDF6EF2FCCFB5C6ED8D9BB18DACBFDF3D73DABECFA2803E60FF00868EF187FD03743FFBF137FF001DA3FE1A3BC61FF40DD0FF00EFC4DFFC76BE9FA2803E3CF1AFC59D7BC77A343A5EA969A6C304570B70AD6B1BAB160ACB83B9D8630E7B7A57B1F837FE4D7AE7FEC15A97FE85357B051401F187817E23EB1F0FFEDFFD936D6337DBBCBF33ED71BB6366EC636B2FF7CF5CF6AF7FF03FC38D1E4D4F4BF8886E6FBFB5F508BFB425843A790B25C464B855DBBB68F31B00B13C0C935EA145007CC1FB477FC943D3FF00EC151FFE8D96BA8F11F872CFE0469D1F8A3C2F24F797D7528D3DE3D4D849188D8190902308776625E738C13C7A7BBD1401F0C78A7C4979E2EF11DDEB97F1C11DD5D6CDE90290836A2A0C0249E8A3BD6C7817E23EB1F0FF00EDFF00D936D6337DBBCBF33ED71BB6366EC636B2FF007CF5CF6AFB3E8A00F8D3C23A6C3F11BE2A476FAC349026AD71737139B4214AB147970BB83606E1DF3C7E75ED7FF0CE3E0FFF00A096B9FF007FE1FF00E355EC1450078DFC26F8B3AF78EFC5575A5EA969A6C304564F70AD6B1BAB160E8B83B9D8630E7B7A579C7C48D361D67F688974BB869160BDBDB1B791A32030578E152464119C1F435F55D1401C7F817E1C68FF000FFEDFFD93737D37DBBCBF33ED6E8D8D9BB18DAABFDF3D73DABCD2EBC6BA97C42F883A87C33D5A0B487459EF6E2DDA7B4465B80B016910866665C9312E7E5E84E31DBDEE8A00E6FC15E0AD37C09A34DA5E973DDCD04B70D70CD74EACC18AAAE06D5518C20EDEB5D25145007FFFD9, 'Addr1', 'AddrSub', 'AddrState', '2000', 'Addr2', null, null, null,2,1,null,'1980-08-05 00:00:00.000',null);
INSERT INTO [dbo].[UserPreferences] VALUES (@JohnDoeUserID, 1,1,1,10,24,1,1,1,0,0,0x,NULL)
INSERT INTO [dbo].[UserProfiles] VALUES (@ManagerUserID, 'Manager', 'Boss','manager@test.com', 'Addr1', 'AddrSub', 'AddrState', '2000', 'Addr2', null, null, null,  '55533332',0, 0xFFD8FFE000104A46494600010101006000600000FFDB004300080606070605080707070909080A0C140D0C0B0B0C1912130F141D1A1F1E1D1A1C1C20242E2720222C231C1C2837292C30313434341F27393D38323C2E333432FFDB0043010909090C0B0C180D0D1832211C213232323232323232323232323232323232323232323232323232323232323232323232323232323232323232323232323232FFC000110800A000A003012200021101031101FFC4001F0000010501010101010100000000000000000102030405060708090A0BFFC400B5100002010303020403050504040000017D01020300041105122131410613516107227114328191A1082342B1C11552D1F02433627282090A161718191A25262728292A3435363738393A434445464748494A535455565758595A636465666768696A737475767778797A838485868788898A92939495969798999AA2A3A4A5A6A7A8A9AAB2B3B4B5B6B7B8B9BAC2C3C4C5C6C7C8C9CAD2D3D4D5D6D7D8D9DAE1E2E3E4E5E6E7E8E9EAF1F2F3F4F5F6F7F8F9FAFFC4001F0100030101010101010101010000000000000102030405060708090A0BFFC400B51100020102040403040705040400010277000102031104052131061241510761711322328108144291A1B1C109233352F0156272D10A162434E125F11718191A262728292A35363738393A434445464748494A535455565758595A636465666768696A737475767778797A82838485868788898A92939495969798999AA2A3A4A5A6A7A8A9AAB2B3B4B5B6B7B8B9BAC2C3C4C5C6C7C8C9CAD2D3D4D5D6D7D8D9DAE2E3E4E5E6E7E8E9EAF2F3F4F5F6F7F8F9FAFFDA000C03010002110311003F00F7B9E786D6DE5B8B8963860890BC9248C155140C9249E0003BD61FFC277E0FFF00A1AF43FF00C18C3FFC551E3BFF009279E26FFB055D7FE8A6AF983E197C32FF00858DFDA9FF00137FECFF00B0795FF2EDE6EFDFBFFDB5C6367BF5A00FA7FF00E13BF07FFD0D7A1FFE0C61FF00E2A8FF0084EFC1FF00F435E87FF83187FF008AAF20FF008665FF00A9BBFF0029BFFDB68FF8665FFA9BBFF29BFF00DB6803D7FF00E13BF07FFD0D7A1FFE0C61FF00E2AB62C6FECF53B38EF2C2EE0BBB5933B268241223609070C3838208FC2BE58F88FF0007FF00E15FF87ADF56FEDDFB7F9D76B6DE57D93CAC651DB7677B7F7318C77AF5FF00861A9FF627ECFF006BAB793E77D86D2F6E7CADDB77EC9656DB9C1C6718CE0D007A8565C3E25D06E7543A5C1ADE9B2EA01D90DA25D234A1973B86C0739183918E306B93F865F137FE1637F6A7FC4A3FB3FEC1E57FCBCF9BBF7EFF00F61718D9EFD6BC83C1BFF274373FF615D4BFF419A803E8BD4BC4BA0E8D70B6FAA6B7A6D8CEC9BD63BABA4898AE48C80C41C641E7D8D1A6F89741D66E1ADF4BD6F4DBE9D537B476B7492B05C819214938C91CFB8AE0FE23FC1FFF008581E21B7D5BFB77EC1E4DA2DB795F64F3738776DD9DEBFDFC631DABC03E1C78EBFE15FF00886E356FECEFB7F9D68D6DE579FE5632E8DBB3B5BFB98C63BD007D773789741B6D506973EB7A6C5A81754168F748B2966C6D1B09CE4E460639C8AD4AF8C359F1D7F6BFC508FC69FD9DE56CBBB6B9FB1F9FBB3E4841B77ED1D7675DBC67BD7D1FF0CBE26FFC2C6FED4FF8947F67FD83CAFF00979F377EFDFF00EC2E31B3DFAD007493F8D3C2B6B712DBDC78974686789CA491C97F12B230382082D9041ED51FFC277E0FFF00A1AF43FF00C18C3FFC557986BBFB3C7F6DF88753D5BFE129F27EDD772DCF95FD9FBB66F72DB73E60CE338CE0567FFC332FFD4DDFF94DFF00EDB401EE7A96ADA6E8D6EB71AA6A16963033EC592EA65894B609C02C40CE01E3D8D65FFC277E0FFF00A1AF43FF00C18C3FFC5579FF00ED1DFF0024F34FFF00B0AC7FFA2A5AE03C13F033FE131F0858EBFF00F091FD8FED5E67EE3EC3E66DDB2327DEF30673B73D3BD007BFFF00C277E0FF00FA1AF43FFC18C3FF00C551FF0009DF83FF00E86BD0FF00F0630FFF00155E41FF000CCBFF005377FE537FFB6D1FF0CCBFF5377FE537FF00B6D007AFFF00C277E0FF00FA1AF43FFC18C3FF00C557415F187C47F02FFC2BFF0010DBE93FDA3F6FF3AD16E7CDF23CAC65DD76E3737F7339CF7AFB3E8039FF001DFF00C93CF137FD82AEBFF45357907ECCBFF334FF00DBA7FED6AF5FF1DFFC93CF137FD82AEBFF0045357907ECCBFF00334FFDBA7FED6A00F3BF19F8D3C556BE3AF10DBDBF897598608B53B948E38EFE5554512B00000D8000ED587FF09DF8C3FE86BD73FF0006337FF15478EFFE4A1F89BFEC2B75FF00A35AB9FA00FA7FF68EFF009279A7FF00D8563FFD152D6A7C289AC6DBE04584FAA08CE9F1DBDDBDD0923DEA6212CA5F2B83B86DCF1839ACBFDA3BFE49E69FFF006158FF00F454B5A9F0A34D8759F81161A5DC348B05EDBDDDBC8D190182BCB2A923208CE0FA1A008F4CF89FF09344F37FB26EEC6C3CEC799F64D2A58B7E338CED8867193D7D4D5CF0F78B7E17EB5E2C857425D35F5EB9791E39934B68E566DACCE7CC318E4AEEC9279E7D6BC53E307C38D1FE1FFF00637F64DCDF4DF6EF3FCCFB5BA36367978C6D55FEF9EB9ED5EA7F0C7E13683A543E1DF184177A936A0F64970637910C5BA5870C30101C0DE71CFA75A00E43E3E78975ED1BC75636FA5EB7A958C0DA646ED1DADD3C4A5BCD94648520670073EC2B3FC15E0E1F0F7599B56F899A3DA41A2CD6ED6D035D24778A6E0B2B28089BC83B524F9B18EA33CF3EBFE35F84DA0F8EF598754D52EF528678ADD6DD56D644552A199B277231CE5CF7F4AD8F1AF82B4DF1DE8D0E97AA4F770C115C2DC2B5ABAAB160ACB83B958630E7B7A5007CA9E351A5F88FE265C45E0F8206B1BD96086CA2821FB3A339445C0560BB72F9EA07AFBD7A87C32FF8B39FDA9FF09EFF00C4A3FB57CAFB17FCBC79BE56FDFF00EA77EDC7989D719CF19C1AD7BFF829E1BF0769D73E28D3AF75596FB4689B50B78EE258DA3692106450E16304A92A3201071DC578C78EBE23EB1F103EC1FDAD6D630FD87CCF2FEC91BAE77EDCE77337F7074C77A00F77F14FC45D27C67E1CBBD03C0BADCF37896EF67D8D20596D9CED7577C48E142FC8AFD5867A77C579C7FC21BF1CFF00E7EB5CFF00C1F2FF00F1EAF37F0B7892F3C23E23B4D72C23824BAB5DFB1275250EE464390083D18F7AF48FF868EF187FD03743FF00BF137FF1DA00EFFF0068EFF9279A7FFD8563FF00D152D49E069E6B5FD99A4B8B79648678B4CD41E392362AC8C1E6208239041EF51FED1DFF0024F34FFF00B0AC7FFA2A5A3C1BFF0026BD73FF0060AD4BFF00429A803C03FE13BF187FD0D7AE7FE0C66FFE2ABB8F841E2CF126A7F14B46B3BFF106AB776B279FBE19EF64911B104846549C1C100FE15E4F5E81F04BFE4AF685FF006F1FFA224A00E83F68EFF9287A7FFD82A3FF00D1B2D7D3F5F307ED1DFF00250F4FFF00B0547FFA365AFA7E8039FF001DFF00C93CF137FD82AEBFF45357CE1F07FE23E8FF000FFF00B67FB5ADAFA6FB7791E5FD92346C6CF3339DCCBFDF1D33DEBEA3D5A1B1B9D1AFA0D50C634F92DE44BA3249B14445487CB646D1B73CE462BCAFFE10DF819FF3F5A1FF00E0F9BFF8F5001FF0D1DE0FFF00A06EB9FF007E21FF00E3B47FC347783FFE81BAE7FDF887FF008ED1FF00086FC0CFF9FAD0FF00F07CDFFC7A8FF8437E067FCFD687FF0083E6FF00E3D401C27C59F8B3A0F8EFC2B6BA5E9769A9433C57A970CD751A2A9508EB81B5D8E72E3B7AD777E0DFF935EB9FFB056A5FFA14D5A9A97C28F855A35BADC6A9A75A58C0CFB164BAD4E6894B609C02D2019C03C7B1AD4B3D4BE1B69FE176F0D5AEBFA1C7A43452426DFF00B590E5242C5C6E2FBB9DCDDF8CF1401F347817E1C6B1F103EDFF00D9373630FD87CBF33ED6EEB9DFBB18DAADFDC3D71DABD62F3C4767E2AF0BAFC1FB18E78FC430C51E9ED733A816864B52AD210C097DA442DB4ECC9C8C81CE31FC75AEE8FF000DFEC1FF000AB355B1B7FB7F99FDA3F64B84BDDDB36F959F30BECFBF274C679EB8E3CEE193C6FA36A87C72963A95B4F23B5D7F69BD81F2899B20BE593661BCCE38C7CC31DA802BF8D7C15A9781359874BD527B49A796DD6E15AD5D99429665C1DCAA73943DBD2BEB7F1AF8D74DF0268D0EA9AA41773412DC2DBAADAA2B3062ACD93B99463087BFA579A7C38D134EF8B7E1EB8D7FC716FF00DABA9DBDDB59453EF6836C2A88E176C4554FCD239C919E7AF02B6FE3E693A96B3E05B1B7D2F4FBBBE9D7538DDA3B585A560BE54A324282719239F71401C65E7872F3C55E285F8C1632411F87A1963D41ADA7622ECC76A1564014029B8985B68DF83919239C7ABF817E23E8FF00103EDFFD936D7D0FD87CBF33ED71A2E77EEC636B37F70F5C76AF9921F1778F346D2CF81924BBB682446B5FECC7B14F3489B24A61937E5BCCE39CFCC31DABD33E067FC515FDBDFF00095FFC487ED7F67FB37F6AFF00A2F9DB3CCDDB3CCC6EC6E5CE3A6E1EB401E87A67C59D0755F1E3F83E0B4D497504B89EDCC8F1A08B74418B1C87270761C71E9D2BC73F68EFF9287A7FFD82A3FF00D1B2D76FE2AB4F075941A8788FC03736373E38794CD6DF60BDFB5CCEF23FEF8AC1B9837C8D213F29C0C9E319143C3967A178AB4E92FBE303C107886394C36EBA9CE74F90DA800A911A98F2BBDA5F9B1C9C8CF18001AFFB477FC93CD3FF00EC2B1FFE8A96B98F877F1AFC37E11F0269BA1DFD96AB25D5AF9BBDE08A328774AEE304C80F461DABD6F528FC11F11ADD747B8BED3759485FED42DED6FC1652015DE7CB707037E3D391ED5CBCDF0DFE0F5B6A834B9E1D362D40BAA0B47D5E4594B36368D865CE4E460639C8A00A7FF0D1DE0FFF00A06EB9FF007E21FF00E3B47FC347783FFE81BAE7FDF887FF008ED686A7F0C3E12689E57F6B5A58D879D9F2FED7AACB16FC6338DD28CE323A7A8A926F851F0AADB4B1AA4FA75A45A79457176FA9CCB1156C6D3BCC98C1C8C1CF391401E11F167C6BA6F8EFC556BAA69705DC30456496ECB748AAC583BB646D6618C38EFEB5F61D799E9BF0A3E156B36ED71A5E9D697D02BEC692D7539A550D80704AC84670471EE2BD328039FF001DFF00C93CF137FD82AEBFF45357CC1F0CBE197FC2C6FED4FF0089BFF67FD83CAFF976F377EFDFFEDAE31B3DFAD7D4FE2CB1B8D4FC1BAE5859C7E65D5D69F3C30A6E0373B46C1464F03248EB5F34699F0C3E2DE89E6FF64DA5F5879D8F33EC9AAC516FC6719DB28CE327AFA9A00E7F46F02FF6BFC5093C17FDA3E56CBBB9B6FB6791BB3E4873BB66E1D7674DDC67BD1F11FC0BFF000AFF00C436FA4FF68FDBFCEB45B9F37C8F2B19775DB8DCDFDCCE73DEBEA7F0A7852C34ED2749BDBDD16C63F10A5A466EEF0C11B4E6731812B34A012CC496CB64E727939AF30F8D7F0EFC55E2EF1959DFE87A5FDAED63D3D2167FB4451E1C4921230EC0F461F9D0057FF849BFE1A07FE294FB1FF60FD93FE265F6AF37ED5BF67EEF66CC2633E6E739FE1C639E3CBF59F02FF647C508FC17FDA3E6EFBBB6B6FB6791B71E7043BB66E3D37F4DDCE3B56E69BF0A3E2AE8D70D71A5E9D77633B26C692D75386262B90704AC80E32071EC2B2F4DB3D774FF008CDA25AF895A77D5D355B2FB419E71339CB46572E09CFCA57BF1D2803D23FE1997FEA6EFFCA6FF00F6DA3FE126FF0084B7FE2CBFD8FEC9E4FF00C4B7FB5FCDF333F64F9B7F9381F7FC9E9BF8DDD4E39F7FAF08F0D7C3BF1569FF001E67F12DD697E5E90DA85ECC2E3ED111CA48B2843B436EE772F6E33CD0057FF849BFE19FBFE294FB1FF6F7DAFF00E265F6AF37ECBB37FEEF66CC3E71E56739FE2C638E4FF869AFFA947FF2A5FF00DAABD0FC6BAFFC37D2B59860F1843A6BEA0D6EAF19BAD34DC3795B980C3046C0DC1B8CFAFAD7CA9E1CF0B6B3E2ED464B0D0ECFED7751C46664F3523C20201397207561F9D007B47FC233FF00096FFC5E8FB67D93C9FF008997F64795E667EC9F2ECF3B23EFF93D7671BBA1C727FC9C67FD4BDFD85FF6F7E7F9FF00F7EF6EDF27DF3BBB639C7F0A7C3DF8A7A76ADA4D95EC17D1F8792EE3177667548DA0301901955A21210CA416CAE0E727839AFA1F4CD0B47D13CDFEC9D2AC6C3CEC799F64B748B7E338CED0338C9EBEA6803C43FE1597FC29CFF8AF7FB5FF00B5FF00B2BFE5C7ECDF67F37CDFDCFF00ACDEFB71E66EFBA738C719CD1FF08CFF00C340FF00C557F6CFEC1FB27FC4B7ECBE57DAB7ECFDE6FDF94C67CDC631FC39CF3C65E83AB6A5ADFED0377E1FD5B50BBD43457D4EF91B4EBB99A5B7654129406362570A554818E0A8C74AE93E23F82BC6D1F886DC7C3BB59F4ED23EC8A668B4CBC8ECA369F7BEE6281D72DB760DD8E800CF14019FFF0008CFFC33F7FC557F6CFEDEFB5FFC4B7ECBE57D9766FF00DE6FDF97CE3CAC631FC59CF1C9FF0008CFFC25BFF17A3ED9F64F27FE265FD91E57999FB27CBB3CEC8FBFE4F5D9C6EE871CF1FF000E3C716527886E07C44D5E7D4748FB231862D4C497B1ACFBD36B0421B0DB778DD8E848CF35D45E59EBB7FE285F117875E75F860B2C734B1413886D3ECB1851740DA920952566DCBB3E6E7839E402C7FC9C67FD4BDFD85FF6F7E7F9FF00F7EF6EDF27DF3BBB639F4FD67C0BFDAFF0BE3F05FF0068F95B2D2DADBED9E46ECF9250EED9B875D9D37719EF5E21F137C6DE1D8FFB2FFE15AEA1FD999F37EDFF00D950C963E67DCF2F7E1537E3F798EB8C9E99AC7BCB6F8B5A7F85D7C4B75AB6B91E90D14730B8FED927292150876893773B97B719E6803B8FF849BFE19FBFE294FB1FF6F7DAFF00E265F6AF37ECBB37FEEF66CC3E71E56739FE2C638E7DFEBE70F871E35F04C9E1EB83F112EA0D4757FB5B0865D4ECE4BD9160D89B543946C2EEDE76E7A9271CD7D1F40051597E25D366D67C2BABE976ED1ACF7B6535BC6D2121433A1504E0138C9F435F3A7FC338F8C3FE825A1FFDFF009BFF008D5006A7897E3E78AB46F156AFA5DBE9FA3341657B35BC6D2432962A8E54138900CE07A0ACBFF868EF187FD03743FF00BF137FF1DAE4FC23A943F0E7E2A4771AC2C93A69371736F38B4018B30478B2BB8AE46E3DF1C7E5563E2CF8D74DF1DF8AAD754D2E0BB8608AC92DD96E91558B0776C8DACC31871DFD6803A4FF00868EF187FD03743FFBF137FF001DAEEFC1DE0AD37E211D2BE266AD3DDC3AD4F70B70D05A3AADB86824F2D0056566C1112E7E6EA4E31DBC83E1378D74DF0278AAEB54D520BB9A096C9EDD56D5159831746C9DCCA31843DFD2BB4D6FE1C6B1F16F589FC71A0DCD8DB699A9EDF262BF774997CB51136E08ACA3E68C91863C11D3A50077FF00183E23EB1F0FFF00B1BFB26DAC66FB779FE67DAE376C6CF2F18DACBFDF3D73DAB98F877F1AFC49E2EF1DE9BA1DFD96951DADD79BBDE08A40E36C4EE304C847551DAB97FF008671F187FD04B43FFBFF0037FF001AAF73935287E1CFC32B2B8D61649D349B2B6B79C5A00C5986C8B2BB8AE46E3DF1C7E5401E19FB477FC943D3FF00EC151FFE8D96BA8F11F872CFE0469D1F8A3C2F24F797D7528D3DE3D4D849188D8190902308776625E738C13C7A6BFF00C347783FFE81BAE7FDF887FF008ED7B05007CE9E1AF8F9E2AD67C55A469771A7E8CB05EDEC36F23470CA182BB852466423383E86BBBF8C1F11F58F87FF00D8DFD936D6337DBBCFF33ED71BB6367978C6D65FEF9EB9ED478E3E23E8F26A7AA7C3B16D7DFDAFA845FD9F14C634F2164B88C042CDBB76D1E62E4852783806B90F0CFF00C63F7DABFE12BFF4DFEDBD9F66FECAFDE6CF273BB7F99B319F35718CF43D3B8058BCF0E59F857C2EBF182C649E4F10CD147A835B4EC0DA092E8AAC802801F681336D1BF230324F39E5FF00E1A3BC61FF0040DD0FFEFC4DFF00C76AC5FF00C14F1278C751B9F1469D7BA54563ACCADA85BC7712C8B22C731322870B19018061900919EE6BA0F0E788ECFE0469D2785FC511CF797D7529D4124D31449188D808C026428776626E318C11CFA00799FC26F0569BE3BF155D697AA4F770C11593DC2B5ABAAB160E8B83B958630E7B7A577979E23BCF0AF8A17E0FD8C7049E1E9A58F4F6B99D49BB11DD05690860426E0666DA766060641E73C1F8D7E136BDE04D1A1D5354BBD366825B85B755B591D9831566C9DC8A31843DFD2BA8D03E2CE83A57C1A9BC1F3DA6A4DA83D95DDB891234316E94C854E4B8381BC678F5EB401DDFFC338F83FF00E825AE7FDFF87FF8D573167E23BCF1578A1BE0FDF47047E1E865934F5B98148BB31DA8668C9624A6E2615DC7660E4E00E31E6FE05F871AC7C40FB7FF0064DCD8C3F61F2FCCFB5BBAE77EEC636AB7F70F5C76AFA8E4D4A1F873F0CACAE35859274D26CADADE7168031661B22CAEE2B91B8F7C71F9500717FF000CE3E0FF00FA096B9FF7FE1FFE355EC15F3C788FC3979F1DF518FC51E17920B3B1B58869EF1EA6C6390C8A4C84811871B712AF39CE41E3D7E87A00CBF12CD7D6DE15D5E7D2C487508ECA67B511C7BD8CA1094C2E0EE3BB1C60E6BE74FF0084CBE39FFCFAEB9FF8215FFE335F47EBBA9FF62787B53D5BC9F3BEC3692DCF95BB6EFD885B6E70719C633835E21FF0D35FF528FF00E54BFF00B5500789DC5BEB5ADF896EA296CEEEE75AB8B895E7812DCF9AD2E4B49FBB519041DC48038C1F4AF5CF871E0AF04C7E1EB81F112D60D3B57FB5B1862D4EF24B291A0D89B582175CAEEDE3763A8233C579FE8DE3AFEC8F8A1278D3FB3BCDDF777373F63F3F6E3CE0E36EFDA7A6FEBB79C76AF50FF8467FE1A07FE2ABFB67F60FD93FE25BF65F2BED5BF67EF37EFCA633E6E318FE1CE79E003CEFE13699E14D57C5575078C24B44D3D6C9DE3375766DD7CDDE8061832E4ED2DC67D7D2BEABF0B59E85A7F872D2D7C34D03E909BFECE609CCC872EC5B0E49CFCC5BBF1D2BE48F871E05FF008581E21B8D27FB47EC1E4DA35CF9BE479B9C3A2EDC6E5FEFE739ED5F57F827C33FF0877842C740FB67DB3ECBE67EFF00CAF2F76E919FEEE4E31BB1D7B500686A7AEE8FA2795FDADAAD8D879D9F2FED770916FC6338DC467191D3D457CD1F11BC4FF10B515D7ADAE45F4BE1192ED8C338D3D440F009730B2CC1395384C36EF9B23939AEA3F69AFF00995BFEDEFF00F68D77F1F867FE131F81BA4681F6CFB1FDAB4AB1FDFF0095E66DDAB1BFDDC8CE76E3AF7A00F38F829F0EFC2BE2EF06DE5FEB9A5FDAEEA3D41E157FB44B1E1047190308C07563F9D7A5FC59D4FC57A57856D67F07C776FA835EA2482D6D05C3795B1C9CA956C0DC179C7A7AD79E7FC24DFF000CFDFF0014A7D8FF00B7BED7FF00132FB579BF65D9BFF77B3661F38F2B39CFF1631C727FC34D7FD4A3FF00952FFED5401E47A9EA7E2B9FC789A8EA31DD8F140B881D51ED024BE6A85F2BF75B40CE02606DE78EB9AF5CF0CFFC55BF6AFF0085D1FB8FB2ECFECAFED5FF00896E7767CED9B7CBF33EEC59EB8E3A6793FE119FF84B7FE2F47DB3EC9E4FFC4CBFB23CAF333F64F97679D91F7FC9EBB38DDD0E393FE4E33FEA5EFEC2FF00B7BF3FCFFF00BF7B76F93EF9DDDB1C8058F0BF8A3C5DA5FC408ACEF269ED7E1EDB4B3436D753DA225A0B55575B722E4AF2A7110562E77647273CF3FF001AEC2F3C63E32B3D47C2F693EB9631E9E903DCE9919B98D641248C50B47901806538EB861EB55FC6DF137CBF085F7C35FEC8CFF67797A6FF00687DA7FD67D9A451BFCBD9C6EF2FA6E38CF538AEFF00F671FF009279A87FD8564FFD151500769A947E08F88D6EBA3DC5F69BACA42FF6A16F6B7E0B2900AEF3E5B8381BF1E9C8F6AE5FC4BF063C156DE15D5E7D2FC3B21D423B299ED4477370EC65084A61779DC77638C1CD729FF08CFF00C33F7FC557F6CFEDEFB5FF00C4B7ECBE57D9766FFDE6FDF97CE3CAC631FC59CF1C9FF0D35FF528FF00E54BFF00B55001F033FE28AFEDEFF84AFF00E243F6BFB3FD9BFB57FD17CED9E66ED9E66376372E71D370F5AE9FE2FF008B3C37A9FC2DD66CEC3C41A55DDD49E46C860BD8E476C4F1938507270013F85731FF002719FF0052F7F617FDBDF9FE7FFDFBDBB7C9F7CEEED8E7CBF46F02FF006BFC5093C17FDA3E56CBBB9B6FB6791BB3E4873BB66E1D7674DDC67BD007AE7C03F12E83A37816FADF54D6F4DB19DB5391D63BABA4898AF9510C80C41C641E7D8D7B9D7C61F11FC0BFF0AFFC436FA4FF0068FDBFCEB45B9F37C8F2B19775DB8DCDFDCCE73DEBECFA00E7FC77FF0024F3C4DFF60ABAFF00D14D5E21FB3C685A3EB7FF000927F6B695637FE4FD9BCBFB5DBA4BB33E6E71B81C6703A7A0AF6FF1DFFC93CF137FD82AEBFF0045357907ECCBFF00334FFDBA7FED6A00E9FE2FF84FC37A67C2DD66F2C3C3FA55A5D47E46C9A0B28E375CCF1838603232091F8D57FD9C7FE49E6A1FF61593FF00454558975E35D4BE217C41D43E19EAD05A43A2CF7B716ED3DA232DC0580B488433332E498973F2F42718EDEAFE0AF0569BE04D1A6D2F4B9EEE6825B86B866BA75660C5557036AA8C61076F5A00E4FE23F822F63F0F5B9F877A441A76AFF6B5134BA618ECA468363EE52E0AE5776C3B73D4038E2B5340D33C5707C1A9B4ED464BB3E28365768AEF761E5F358C9E57EF77119C14C1DDC71D315E39FF000D1DE30FFA06E87FF7E26FFE3B5EEFF0EFC4979E2EF0269BAE5FC70477575E6EF4814841B6574180493D1477A00E1FE197827C4527F6A7FC2CAD3FFB4F1E57D83FB5668EFBCBFBFE66CCB3ECCFEEF3D3381D715DA697E3DF07CDE205F0969B7F1AEA16EEF6A9651DAC88A862077203B4200A10F438E38AEB2BE60F06FF00C9D0DCFF00D85752FF00D066A00F63F1AEBFF0DF4AD66183C610E9AFA835BABC66EB4D370DE56E6030C11B03706E33EBEB5F2A7873C2DACF8BB5192C343B3FB5DD47119993CD48F080804E5C81D587E75E91FB477FC943D3FF00EC151FFE8D96BA8F11F872CFE0469D1F8A3C2F24F797D7528D3DE3D4D849188D8190902308776625E738C13C7A00797E9FA87883C17E2DB0F0E788B51BEB3D32D2EE117FA71BA6920F21D95DD5A342559591892A01CE4822BE97F02EB3E06D5FEDFF00F085C5631F95E5FDAFEC9606DB39DDB33945DDD1FD71CFAD7C91E29F125E78BBC4777AE5FC70477575B37A40A420DA8A8300927A28EF5B1E05F88FAC7C3FFB7FF64DB58CDF6EF2FCCFB5C6ED8D9BB18DACBFDF3D73DA803D01FC0F7BE1FF008ABA8F8BFC5FA4403C22350BA9A69E731DC21494BAC44C40B31CBBA7F0F19C9C638F43D37E2BFC2AD1ADDADF4BD46D2C6067DED1DAE99344A5B0064858C0CE00E7D85741269B0FC46F865656FAC349026AD656D7139B4214AB1D92E17706C0DC3BE78FCEBE68F8B3E0AD37C09E2AB5D2F4B9EEE6825B24B866BA75660C5DD7036AA8C61076F5A00FA3F4DF17780FE235C36916F25A6B2F0A7DA8DBDD58B9550085DE3CC403237E3D793EF587ADEAFF00077C39AC4FA4EADA6E876F7D06DF322FEC5DFB772861CAC441E083C1AF9D3C15E35D4BC09ACCDAA69705A4D3CB6ED6ECB748CCA14B2B646D6539CA0EFEB54FC53E24BCF17788EEF5CBF8E08EEAEB66F4814841B515060124F451DE803DA3C4DFF156FD97FE14BFEE3ECBBFFB57FB2BFE25B9DD8F277EEF2FCCFBB2E3AE39E99E7AFD67C117A3E17C6FA3E91043E38FB25B17BD80C71DD99F29E7B1B8C82588F33736EF9B27939E7C03C0BF11F58F87FF006FFEC9B6B19BEDDE5F99F6B8DDB1B37631B597FBE7AE7B5761FF000D1DE30FFA06E87FF7E26FFE3B401D47872F342F0AE9D258FC604827F10C9299ADDB5380EA120B520050245126177ACBF2E783938E727DDEBC23C39E1CB3F8EFA749E28F14493D9DF5ACA74F48F4C611C66350240489039DD995B9CE30071EBEEF4014F56D4A1D1B46BED52E164682CADE4B8916300B15452C40C903381EA2BCAFFE1A3BC1FF00F40DD73FEFC43FFC76BD03C77FF24F3C4DFF0060ABAFFD14D5E01F033C13E1DF18FF006F7F6FE9FF006CFB2FD9FC9FDF491EDDDE66EFB8C339DA3AFA50077FFF000D1DE0FF00FA06EB9FF7E21FFE3B47FC347783FF00E81BAE7FDF887FF8ED493F81BE095ADC4B6F712E8D0CF1394923935B7564607041065C820F6A8FFE10DF819FF3F5A1FF00E0F9BFF8F5001FF0D1DE0FFF00A06EB9FF007E21FF00E3B5D46A5E24B3F177C19D6F5CB08E78ED6EB4ABDD893A80E36AC88720123AA9EF5E61F1AFE1DF857C23E0DB3BFD0F4BFB25D49A8242CFF68964CA18E42461D88EAA3F2AEEFE14436373F022C20D50C634F92DEED2E8C926C51119650F96C8DA36E79C8C5007CF9E05F871AC7C40FB7FF64DCD8C3F61F2FCCFB5BBAE77EEC636AB7F70F5C76AF40D13E1C6B1F0935883C71AF5CD8DCE99A66EF3A2B077799BCC5312ED0EAAA7E69013961C03D7A57AFF0081746F03691F6FFF00842E5B193CDF2FED7F64BF3738C6ED99CBB6DEAFE99E7D2BC33E276BFF0012279BC45A76A30EA43C2E2F5D15DF4D091794B37EEBF7BB01C64260EEE78EB9A00F43FF00868EF07FFD0375CFFBF10FFF001DAF60AF9E3E0A7C3BF0AF8BBC1B797FAE697F6BBA8F507855FED12C78411C640C2301D58FE75E97F16753F15E95E15B59FC1F1DDBEA0D7A8920B5B4170DE56C7272A55B03705E71E9EB4014FC53F1AFC37E11F11DDE877F65AAC9756BB37BC114650EE4571826407A30ED58FF00F0D1DE0FFF00A06EB9FF007E21FF00E3B54344D1BC0DE20D1E0D53E254B63178BA7DDF6F4BFBF36530DAC563DD08740BFBB11E3E519183CE726FFF00C21BF033FE7EB43FFC1F37FF001EA00F30F1C7C38D624D3354F8882E6C7FB235097FB42284BBF9EB1DC480A065DBB770F31720311C1C135E5F5ED9E1FF00115DF8ABE247FC2BEBCBE8EF7C146E2E2DA0B38C2056B7815DA0025401C81E5C6776EC9C724E4E79BF8D7E16D1BC23E32B3B0D0ECFEC96B269E933279AF265CC920272E49E8A3F2A00FA4FC6BE35D37C09A343AA6A905DCD04B70B6EAB6A8ACC18AB364EE6518C21EFE9597A97892CFC5DF0675BD72C239E3B5BAD2AF7624EA038DAB221C8048EAA7BD1E23D4BE1B78BB4E8EC35CD7F43BBB58E5132A7F6B247870080728E0F463F9D65EB1AC781746F85BAD683A0EBBA32C0BA65DA5B5B47A924AC59D1CE065CB12598F1CF5A00E33F665FF99A7FEDD3FF006B5757AB7C7CF0AE8DACDF69771A7EB2D3D95C496F23470C454B23152466407191E82B84FD9E35DD1F44FF008493FB5B55B1B0F3BECDE5FDAEE122DF8F3738DC467191D3D456C7C45F0C7C3DD5B41D62F7C2E6C752F155D4A268A3B0D41AE2695DA55694AC4AE73F297270BC004F18A00CFF0011F872F3E3BEA31F8A3C2F24167636B10D3DE3D4D8C72191499090230E36E255E739C83C7AFD0F5E57F00F49D4B46F02DF5BEA9A7DDD8CEDA9C8EB1DD42D1315F2A219018038C83CFB1AF54A00E7FC77FF0024F3C4DFF60ABAFF00D14D5E41FB32FF00CCD3FF006E9FFB5ABD7FC77FF24F3C4DFF0060ABAFFD14D5E41FB32FFCCD3FF6E9FF00B5A803C7FC77FF00250FC4DFF615BAFF00D1AD5CFD7AC78B3E1078EF53F196B97F67A17996B75A84F342FF006B806E46918A9C17C8C823AD63FF00C292F887FF0042F7FE4EDBFF00F1CA00F5FF00DA3BFE49E69FFF006158FF00F454B47837FE4D7AE7FEC15A97FE85351FB477FC93CD3FFEC2B1FF00E8A968F06FFC9AF5CFFD82B52FFD0A6A00F20F865F137FE15CFF006A7FC4A3FB43EDFE57FCBCF95B366FFF0061B39DFEDD2BE8FD674CFF008599F0BE3B6F3BFB37FB62D2DAE776DF3BC9C94976E32BBBA633C7AFB57CA1E19F04F88BC63F6AFEC1D3FED9F65D9E77EFA38F6EECEDFBEC339DA7A7A57D3FE06F1B78752D745F05B6A18F10D9DA2594F67E4C9F24D0C589177EDD87051B90D838E09E280380FF00849BFE19FBFE294FB1FF006F7DAFFE265F6AF37ECBB37FEEF66CC3E71E56739FE2C638E4FF00869AFF00A947FF002A5FFDAABD0FC6BAFF00C37D2B59860F1843A6BEA0D6EAF19BAD34DC3795B980C3046C0DC1B8CFAFAD7CA9E1CF0B6B3E2ED464B0D0ECFED7751C46664F3523C20201397207561F9D007B47FC2B2FF85C7FF15EFF006BFF00647F6AFF00CB8FD9BED1E5795FB9FF0059BD3767CBDDF746338E719AF3FF0089BF0CBFE15CFF0065FF00C4DFFB43EDFE6FFCBB795B366CFF006DB39DFEDD2B1EFB51F1AF826F24F0F4DAC6ABA649698CDA41A83048F780FC6C6DBCEECF1EBEB5EB1F033FE2B5FEDEFF0084AFFE27DF64FB3FD9BFB57FD2BC9DFE66ED9E6676E76AE71D768F4A00CFD0BC0BFF000ADFC3DA67C53FED1FED1F22D22B9FECDF23C9DDF68411EDF3773636F9B9CEDE76F6CF1A1FF08CFF00C340FF00C557F6CFEC1FB27FC4B7ECBE57DAB7ECFDE6FDF94C67CDC631FC39CF3C72F6BE2A8B4EF8C37DA6F893539DBC236BA85DC0FA74E5E6B448D3CC1120806576AB04DA02E170318C57ADE9BF15FE1568D6ED6FA5EA36963033EF68ED74C9A252D803242C60670073EC28038CFF008665FF00A9BBFF0029BFFDB6BCBF59F02FF647C508FC17FDA3E6EFBBB6B6FB6791B71E7043BB66E3D37F4DDCE3B5761FF086FC73FF009FAD73FF0007CBFF00C7ABA06D6BC35E1DF035E699E2D6817E235BDA4E4DC4F6CD3DDA4E4335BB0B9556F98298B6B07F970064638003FE1997FEA6EFFCA6FF00F6DA3FE1597FC29CFF008AF7FB5FFB5FFB2BFE5C7ECDF67F37CDFDCFFACDEFB71E66EFBA738C719CD79FF8664F8A3E31FB57F60EB5AE5E7D97679DFF0013768F6EECEDFBF20CE769E9E9563C53E1AF8ADA7F872EEEBC4B71AABE909B3ED027D5966439750B94121CFCC57B71D6803B8FF869AFFA947FF2A5FF00DAABDFEBC33E01F86B41D67C0B7D71AA689A6DF4EBA9C88B25D5AA4AC17CA88E01604E324F1EE6BDCE8039FF001DFF00C93CF137FD82AEBFF45357CA1E05F88FAC7C3FFB7FF64DB58CDF6EF2FCCFB5C6ED8D9BB18DACBFDF3D73DABECFA2803E60FF00868EF187FD03743FFBF137FF001DA3FE1A3BC61FF40DD0FF00EFC4DFFC76BE9FA2803E3CF1AFC59D7BC77A343A5EA969A6C304570B70AD6B1BAB160ACB83B9D8630E7B7A57B1F837FE4D7AE7FEC15A97FE85357B051401F187817E23EB1F0FFEDFFD936D6337DBBCBF33ED71BB6366EC636B2FF7CF5CF6AF7FF03FC38D1E4D4F4BF8886E6FBFB5F508BFB425843A790B25C464B855DBBB68F31B00B13C0C935EA145007CC1FB477FC943D3FF00EC151FFE8D96BA8F11F872CFE0469D1F8A3C2F24F797D7528D3DE3D4D849188D8190902308776625E738C13C7A7BBD1401F0C78A7C4979E2EF11DDEB97F1C11DD5D6CDE90290836A2A0C0249E8A3BD6C7817E23EB1F0FF00EDFF00D936D6337DBBCBF33ED71BB6366EC636B2FF007CF5CF6AFB3E8A00F8D3C23A6C3F11BE2A476FAC349026AD71737139B4214AB147970BB83606E1DF3C7E75ED7FF0CE3E0FFF00A096B9FF007FE1FF00E355EC1450078DFC26F8B3AF78EFC5575A5EA969A6C304564F70AD6B1BAB160E8B83B9D8630E7B7A579C7C48D361D67F688974BB869160BDBDB1B791A32030578E152464119C1F435F55D1401C7F817E1C68FF000FFEDFFD93737D37DBBCBF33ED6E8D8D9BB18DAABFDF3D73DABCD2EBC6BA97C42F883A87C33D5A0B487459EF6E2DDA7B4465B80B016910866665C9312E7E5E84E31DBDEE8A00E6FC15E0AD37C09A34DA5E973DDCD04B70D70CD74EACC18AAAE06D5518C20EDEB5D25145007FFFD9, 'Addr1', 'AddrSub', 'AddrState', '2000', 'Addr2', null, null, null,1,1,null,'1990-08-05 00:00:00.000',null);
INSERT INTO [dbo].[UserPreferences] VALUES (@ManagerUserID, 1,1,1,10,24,1,1,1,0,0,0x,NULL)

--password 
 
INSERT INTO [dbo].[security_Membership] VALUES (@JohnDoeUserID, GETDATE(), NULL, 1, NULL, 0, '5E884898DA28047151D0E56F8DC6292773603D0D6AABBDD62A11EF721D1542D8', GETDATE(), NULL, NULL, 0, NULL, NULL  );
INSERT INTO [dbo].[security_Membership] VALUES (@ManagerUserID, GETDATE(), NULL, 1, NULL, 0, '5E884898DA28047151D0E56F8DC6292773603D0D6AABBDD62A11EF721D1542D8', GETDATE(), NULL, NULL, 0, NULL, NULL  );

--OAuth
INSERT INTO [dbo].[security_OAuthMembership] VALUES ('facebook', '10152302426030872',@ManagerUserID);

INSERT INTO [dbo].[security_UsersInRoles] VALUES (  @AdminUserID, @SysAdminRoleID)

-- --------------------------------------------------
-- END: Populate security data
-- --------------------------------------------------


-- --------------------------------------------------
-- START: Populate Businesses
-- --------------------------------------------------

--Get Busienss type id's
DECLARE @BarId INT, @RestaurantID INT, @PrefId uniqueidentifier, @BusId uniqueidentifier, @BusLocId uniqueidentifier
SELECT @BarId = id from [dbo].[BusinessTypes] where [IndustryType_ID] = @HospitalityId and [Detail] = 'Bar';
SELECT @RestaurantID = id from [dbo].[BusinessTypes] where [IndustryType_ID] = @HospitalityId and [Detail] = 'Restaurant';

SELECT @BusId = NEWID();
INSERT INTO [dbo].[Businesses] VALUES (@BusId, 'Bar Rumba',1,1, @BarId);
SELECT @BusLocId = NEWID();
INSERT INTO [dbo].[BusinessLocations] VALUES (@BusLocId,'BR Location 1', '555-12345','250 Sussex st', 'Sydney', 'NSW', '2000',NULL, '13cf798808119188a68f9ea5c7516d468571aae1', -33.8728472, 151.2040801,  1, @BusId);
INSERT INTO [dbo].[BusinessPreferences] VALUES ( @BusLocId, 1, 0);
SELECT @BusLocId = NEWID();
INSERT INTO [dbo].[BusinessLocations] VALUES (@BusLocId,'BR Location 2', '555-54321','2 Bad st', 'Barville', 'NSW', '2000',NULL, null, null, null,  1, @BusId);
INSERT INTO [dbo].[BusinessPreferences] VALUES ( @BusLocId, 1, 0);

SELECT @BusId = NEWID();
INSERT INTO [dbo].[Businesses] VALUES ( @BusId, 'Top Bar',1,1, @BarId);
SELECT @BusLocId = NEWID();
INSERT INTO [dbo].[BusinessLocations] VALUES (@BusLocId,'TB Location 1',  '555-543211','6 Place rd', 'Acton', 'NSW', '2011', NULL, null, null, null, 1, @BusId);
INSERT INTO [dbo].[BusinessPreferences] VALUES ( @BusLocId, 1, 0);
SELECT @BusId = NEWID();
INSERT INTO [dbo].[Businesses] VALUES ( @BusId, 'Top BarGain',1,1, @BarId);
SELECT @BusLocId = NEWID();
INSERT INTO [dbo].[BusinessLocations] VALUES (@BusLocId,'TBG Location 1',  '555-543211','6 Place rd', 'Acton', 'NSW', '2011', NULL, null, null, null, 1, @BusId);
INSERT INTO [dbo].[BusinessPreferences] VALUES ( @BusLocId, 1, 0);
SELECT @BusId = NEWID();
INSERT INTO [dbo].[Businesses] VALUES ( @BusId, 'Best Restaurant',1,1, @RestaurantID);
SELECT @BusLocId = NEWID();
INSERT INTO [dbo].[BusinessLocations] VALUES (@BusLocId,'BR Location 1',   '555-26234','12 Plankton rd', 'Watanobbi', 'VIC', '3412', NULL, null, null, null, 1, @BusId);
INSERT INTO [dbo].[BusinessPreferences] VALUES ( @BusLocId, 1, 0);

DECLARE @ConvenienceId INT, @ShoeID INT
SELECT @ConvenienceId = id from [dbo].[BusinessTypes] where [IndustryType_ID] = @RetailId and [Detail] = 'Convenience store';
SELECT @ShoeID = id from [dbo].[BusinessTypes] where [IndustryType_ID] = @RetailId and [Detail] = 'Shoes';

SELECT @BusId = NEWID();
INSERT INTO [dbo].[Businesses] VALUES (@BusId, 'Quick E Mart', 1,1 ,@ConvenienceId);
SELECT @BusLocId = NEWID();
INSERT INTO [dbo].[BusinessLocations] VALUES (@BusLocId,'QEM Location 1',   '666-237345','9 Harris st', 'Pyrmont', 'NSW', '2009', NULL, null, null, null, 1, @BusId);
INSERT INTO [dbo].[BusinessPreferences] VALUES ( @BusLocId, 1, 0);
SELECT @BusId = NEWID();
INSERT INTO [dbo].[Businesses] VALUES ( @BusId, 'Shoes of play',1,1, @ShoeID);
SELECT @BusLocId = NEWID();
INSERT INTO [dbo].[BusinessLocations] VALUES (@BusLocId,'SOP Location 1', '666-123124','Lvl 2, 73 Heel st', 'Newton', ' NSW', '2002', NULL, null, null, null, 1, @BusId);
INSERT INTO [dbo].[BusinessPreferences] VALUES ( @BusLocId, 1, 0);
SELECT @BusId = NEWID();
INSERT INTO [dbo].[Businesses] VALUES ( @BusId, 'Pauls Warehouse',1,1, @ShoeID);
SELECT @BusLocId = NEWID();
INSERT INTO [dbo].[BusinessLocations] VALUES (@BusLocId,'PW Location 1', '666-91923','19 Pacific Hwy', 'Gosford', ' NSW', '22258', NULL, null, null, null, 1, @BusId);
INSERT INTO [dbo].[BusinessPreferences] VALUES ( @BusLocId, 1, 0);

    
-- --------------------------------------------------
-- END: Populate Businesses
-- --------------------------------------------------


-- --------------------------------------------------
-- START: Populate Roles
-- --------------------------------------------------
    
DECLARE @BarRumbaID uniqueidentifier,@BarRumbaLocationID uniqueidentifier, @BarTenderID uniqueidentifier, @WaitressId uniqueidentifier, @CleanerId uniqueidentifier
SELECT @BarRumbaID = id  from [dbo].[Businesses] where Name = 'Bar Rumba'
SELECT @BarRumbaLocationID = id from [dbo].[BusinessLocations] where Business_Id = @BarRumbaID and Name = 'BR Location 1';
SELECT @BarTenderID =convert(uniqueidentifier, '8142AD55-060F-46E9-878C-519B04A78024');
SELECT @WaitressId = NEWID()
SELECT @CleanerId = NEWID()

INSERT INTO [dbo].[Roles] VALUES ( @BarTenderID,"Bar tender",1, @BarRumbaID);
INSERT INTO [dbo].[Roles] VALUES ( @WaitressId,"Waitress",1, @BarRumbaID);
INSERT INTO [dbo].[Roles] VALUES ( @CleanerId,"Cleaner",1, @BarRumbaID);

DECLARE @QuickEMartID uniqueidentifier,@QuickEMartLocationID uniqueidentifier, @ClerkID uniqueidentifier, @CookId uniqueidentifier
SELECT @QuickEMartID = id from [dbo].[Businesses] where Name = 'Quick E Mart';
SELECT @QuickEMartLocationID = id from [dbo].[BusinessLocations] where Business_Id = @QuickEMartID;
SELECT @ClerkID = NEWID();
SELECT @CookId = NEWID();

INSERT INTO [dbo].[Roles] VALUES ( @ClerkID,"Clerk",1, @QuickEMartID);
INSERT INTO [dbo].[Roles] VALUES ( @CookId,"Cook",1, @QuickEMartID);


-- --------------------------------------------------
-- END: Populate Roles
-- --------------------------------------------------

-- --------------------------------------------------
-- START: Populate InternalLocations
-- --------------------------------------------------
DECLARE @MainBarID uniqueidentifier, @Lvl1BarID uniqueidentifier
SELECT @MainBarID = convert(uniqueidentifier, '20D55583-5D27-4D1E-AC58-2C49A051D538');
SELECT @Lvl1BarID = NEWID();

INSERT INTO [dbo].[InternalLocations] VALUES ( @MainBarID, 'Main Bar',1,@BarRumbaLocationID)
INSERT INTO [dbo].[InternalLocations] VALUES ( @Lvl1BarID, 'Lvl1 Bar',1,@BarRumbaLocationID)

INSERT INTO [dbo].[InternalLocations] VALUES ( NEWID(), 'Quick E Mart',1,@QuickEMartLocationID)


-- --------------------------------------------------
-- END: Populate InternalLocations
-- --------------------------------------------------


-- --------------------------------------------------
-- START: Populate Employees
-- --------------------------------------------------
DECLARE @RobertID uniqueidentifier, @JohnD2ID uniqueidentifier, @JaneID uniqueidentifier, @JaneD2ID uniqueidentifier, @JohnID uniqueidentifier, @MgrID uniqueidentifier
SELECT @RobertID = convert(uniqueidentifier, '20BE3A75-255F-47AA-BEE5-846942F0BA1B');
SELECT @JohnD2ID = NEWID();
SELECT @JaneD2ID = NEWID();
SELECT @MgrID = NEWID();


SELECT @JaneID = NEWID();
SELECT @JohnID = NEWID();

INSERT INTO [dbo].[Employees] VALUES ( @RobertID, 'Robert', 'Moldova', '666-52341',NULL,'rmoldovaFAKE@hotmail.com',0,0,1,NULL,NULL,NULL,@BarRumbaLocationID);
INSERT INTO [dbo].[Employees] VALUES ( @JohnD2ID, 'John', 'Doe', '666-52341',NULL,'john@test.com',0,0,1,NULL,NULL,@JohnDoeUserID,@BarRumbaLocationID);
INSERT INTO [dbo].[Employees] VALUES ( @JaneD2ID, 'Jane', 'Doe', '666-52341',NULL,'janed@test.com',0,0,1,NULL,NULL,NULL,@BarRumbaLocationID);


INSERT INTO [dbo].[Employees] VALUES ( @JaneID, 'Jane', 'Doe', '555-52341',NULL,'afake@hotmail.com',1,0,1,NULL,NULL,NULL,@QuickEMartLocationID);
INSERT INTO [dbo].[Employees] VALUES ( @JohnID, 'John', 'Doe', '555-13451',NULL,'john@test.com',2,0,1,NULL,NULL, @JohnDoeUserID,@QuickEMartLocationID);

-- Insert mgr rows for all businesses
INSERT INTO [dbo].[Employees] (Id, FirstName, LastName, MobilePhone, Email, Type,IsAdmin,IsActive,  BusinessLocation_Id, UserProfile_Id)
SELECT NEWID(), 'Manager', 'Man', '555-13451','manager@test.com',2,1,1,Id, @ManagerUserID FROM BusinessLocations;

-- Insert mgr rows for all businesses locations
INSERT INTO [dbo].[ManagerBusinessLocations]
           ([Managers_Id]
           ,[ManagerBusinessLocations_Id])
SELECT  A.Id, B.Id
FROM BusinessLocations B, Employees A 
where A.BusinessLocation_Id = B.Id
	AND A.UserProfile_Id = @ManagerUserID;


-- --------------------------------------------------
-- END: Populate Employees
-- --------------------------------------------------

-- --------------------------------------------------
-- START: Populate Employee Roles
-- --------------------------------------------------

--Robert is a bartender and a cleaner
INSERT INTO [dbo].[EmployeeRole] VALUES (@RobertID,@BarTenderID);
INSERT INTO [dbo].[EmployeeRole] VALUES (@RobertID,@CleanerId);
INSERT INTO [dbo].[EmployeeRole] VALUES (@JohnD2ID,@CleanerId);
INSERT INTO [dbo].[EmployeeRole] VALUES (@JaneD2ID,@WaitressId);


INSERT INTO [dbo].[EmployeeRole] VALUES (@JaneID,@ClerkID);
INSERT INTO [dbo].[EmployeeRole] VALUES (@JohnID,@ClerkID);
INSERT INTO [dbo].[EmployeeRole] VALUES (@JohnID,@CookId);


-- --------------------------------------------------
-- END: Populate Employees Roles
-- --------------------------------------------------

-- --------------------------------------------------
-- START: Populate Shift Templates
-- --------------------------------------------------

-- 0 = Weekly
-- 1 = Fortnight 1
-- 2 = Fortnight 2
-- 3 = Monthly

INSERT INTO [dbo].[ShiftTemplates] VALUES (NEWID(), '11:00:00','15:00:00',0,1,0,1,1,1,0,0, 0,null,1 , @BarRumbaLocationID, NULL, @MainBarID,NULL);
INSERT INTO [dbo].[ShiftTemplates] VALUES (NEWID(), '16:00:00','20:00:00',0,0,0,0,0,0,1,1, 0,null, 1,@BarRumbaLocationID, NULL, @Lvl1BarID,NULL);

INSERT INTO [dbo].[ShiftTemplates] VALUES (NEWID(), '08:00:00','12:00:00',0,1,1,1,1,1,0,0, 1,null,1, @BarRumbaLocationID, @CleanerId, @MainBarID,@JohnD2ID);

INSERT INTO [dbo].[ShiftTemplates] VALUES (NEWID(), '08:00:00','14:00:00',0,0,0,0,0,0,1,1, 1,null,1, @BarRumbaLocationID, @CleanerId, @Lvl1BarID,@RobertID);


INSERT INTO [dbo].[ShiftTemplates] VALUES (NEWID(), '08:00:00','12:00:00',0,1,1,1,1,1,0,0, 2,null,1, @BarRumbaLocationID, @BarTenderID, @MainBarID,@RobertID);

INSERT INTO [dbo].[ShiftTemplates] VALUES (NEWID(), '08:00:00','14:00:00',0,0,0,0,0,0,1,1, 2,null,1, @BarRumbaLocationID, @CleanerId, @Lvl1BarID,@JohnD2ID);

INSERT INTO [dbo].[ShiftTemplates] VALUES (NEWID(), '12:00:00','16:00:00',0,1,1,1,1,1,0,0, 2,null,1, @BarRumbaLocationID, NULL, NULL,NULL);

INSERT INTO [dbo].[ShiftTemplates] VALUES (NEWID(), '12:00:00','17:00:00',0,0,0,0,0,0,1,1, 2,null, 1,@BarRumbaLocationID, NULL, NULL,NULL);

INSERT INTO [dbo].[ShiftTemplates] VALUES (NEWID(), '04:00:00','08:00:00',0,0,1,0,1,0,1,0, 3,null, 1,@BarRumbaLocationID, @CleanerId, NULL,NULL);

-- --------------------------------------------------
-- END:  Populate Shift Templates
-- --------------------------------------------------

-- --------------------------------------------------
-- Script has ended
-- --------------------------------------------------